EmployeeNumber,Age,Attrition,Business_Travel,DailyRate,Department,Distance_From_Home,Education_in_years,Education_Field,Emp_count
1,41,Yes,Travel_Rarely,1102,Sales,1,2,Life Sciences,1
2,49,No,Travel_Frequently,279,Research & Development,8,1,Life Sciences,1
4,37,Yes,Travel_Rarely,1373,Research & Development,2,2,Other,1
5,33,No,Travel_Frequently,1392,Research & Development,3,4,Life Sciences,1
7,27,No,Travel_Rarely,591,Research & Development,2,1,Medical,1
8,32,No,Travel_Frequently,1005,Research & Development,2,2,Life Sciences,1
10,59,No,Travel_Rarely,1324,Research & Development,3,3,Medical,1
11,30,No,Travel_Rarely,1358,Research & Development,24,1,Life Sciences,1
12,38,No,Travel_Frequently,216,Research & Development,23,3,Life Sciences,1
13,36,No,Travel_Rarely,1299,Research & Development,27,3,Medical,1
14,35,No,Travel_Rarely,809,Research & Development,16,3,Medical,1
15,29,No,Travel_Rarely,153,Research & Development,15,2,Life Sciences,1
16,31,No,Travel_Rarely,670,Research & Development,26,1,Life Sciences,1
18,34,No,Travel_Rarely,1346,Research & Development,19,2,Medical,1
19,28,Yes,Travel_Rarely,103,Research & Development,24,3,Life Sciences,1
20,29,No,Travel_Rarely,1389,Research & Development,21,4,Life Sciences,1
21,32,No,Travel_Rarely,334,Research & Development,5,2,Life Sciences,1
22,22,No,Non-Travel,1123,Research & Development,16,2,Medical,1
23,53,No,Travel_Rarely,1219,Sales,2,4,Life Sciences,1
24,38,No,Travel_Rarely,371,Research & Development,2,3,Life Sciences,1
26,24,No,Non-Travel,673,Research & Development,11,2,Other,1
27,36,Yes,Travel_Rarely,1218,Sales,9,4,Life Sciences,1
28,34,No,Travel_Rarely,419,Research & Development,7,4,Life Sciences,1
30,21,No,Travel_Rarely,391,Research & Development,15,2,Life Sciences,1
31,34,Yes,Travel_Rarely,699,Research & Development,6,1,Medical,1
32,53,No,Travel_Rarely,1282,Research & Development,5,3,Other,1
33,32,Yes,Travel_Frequently,1125,Research & Development,16,1,Life Sciences,1
35,42,No,Travel_Rarely,691,Sales,8,4,Marketing,1
36,44,No,Travel_Rarely,477,Research & Development,7,4,Medical,1
38,46,No,Travel_Rarely,705,Sales,2,4,Marketing,1
39,33,No,Travel_Rarely,924,Research & Development,2,3,Medical,1
40,44,No,Travel_Rarely,1459,Research & Development,10,4,Other,1
41,30,No,Travel_Rarely,125,Research & Development,9,2,Medical,1
42,39,Yes,Travel_Rarely,895,Sales,5,3,Technical Degree,1
45,24,Yes,Travel_Rarely,813,Research & Development,1,3,Medical,1
46,43,No,Travel_Rarely,1273,Research & Development,2,2,Medical,1
47,50,Yes,Travel_Rarely,869,Sales,3,2,Marketing,1
49,35,No,Travel_Rarely,890,Sales,2,3,Marketing,1
51,36,No,Travel_Rarely,852,Research & Development,5,4,Life Sciences,1
52,33,No,Travel_Frequently,1141,Sales,1,3,Life Sciences,1
53,35,No,Travel_Rarely,464,Research & Development,4,2,Other,1
54,27,No,Travel_Rarely,1240,Research & Development,2,4,Life Sciences,1
55,26,Yes,Travel_Rarely,1357,Research & Development,25,3,Life Sciences,1
56,27,No,Travel_Frequently,994,Sales,8,3,Life Sciences,1
57,30,No,Travel_Frequently,721,Research & Development,1,2,Medical,1
58,41,Yes,Travel_Rarely,1360,Research & Development,12,3,Technical Degree,1
60,34,No,Non-Travel,1065,Sales,23,4,Marketing,1
61,37,No,Travel_Rarely,408,Research & Development,19,2,Life Sciences,1
62,46,No,Travel_Frequently,1211,Sales,5,4,Marketing,1
63,35,No,Travel_Rarely,1229,Research & Development,8,1,Life Sciences,1
64,48,Yes,Travel_Rarely,626,Research & Development,1,2,Life Sciences,1
65,28,Yes,Travel_Rarely,1434,Research & Development,5,4,Technical Degree,1
68,44,No,Travel_Rarely,1488,Sales,1,5,Marketing,1
70,35,No,Non-Travel,1097,Research & Development,11,2,Medical,1
72,26,No,Travel_Rarely,1443,Sales,23,3,Marketing,1
73,33,No,Travel_Frequently,515,Research & Development,1,2,Life Sciences,1
74,35,No,Travel_Frequently,853,Sales,18,5,Life Sciences,1
75,35,No,Travel_Rarely,1142,Research & Development,23,4,Medical,1
76,31,No,Travel_Rarely,655,Research & Development,7,4,Life Sciences,1
77,37,No,Travel_Rarely,1115,Research & Development,1,4,Life Sciences,1
78,32,No,Travel_Rarely,427,Research & Development,1,3,Medical,1
79,38,No,Travel_Frequently,653,Research & Development,29,5,Life Sciences,1
80,50,No,Travel_Rarely,989,Research & Development,7,2,Medical,1
81,59,No,Travel_Rarely,1435,Sales,25,3,Life Sciences,1
83,36,No,Travel_Rarely,1223,Research & Development,8,3,Technical Degree,1
84,55,No,Travel_Rarely,836,Research & Development,8,3,Medical,1
85,36,No,Travel_Frequently,1195,Research & Development,11,3,Life Sciences,1
86,45,No,Travel_Rarely,1339,Research & Development,7,3,Life Sciences,1
88,35,No,Travel_Frequently,664,Research & Development,1,3,Medical,1
90,36,Yes,Travel_Rarely,318,Research & Development,9,3,Medical,1
91,59,No,Travel_Frequently,1225,Sales,1,1,Life Sciences,1
94,29,No,Travel_Rarely,1328,Research & Development,2,3,Life Sciences,1
95,31,No,Travel_Rarely,1082,Research & Development,1,4,Medical,1
96,32,No,Travel_Rarely,548,Research & Development,1,3,Life Sciences,1
97,36,No,Travel_Rarely,132,Research & Development,6,3,Life Sciences,1
98,31,No,Travel_Rarely,746,Research & Development,8,4,Life Sciences,1
100,35,No,Travel_Rarely,776,Sales,1,4,Marketing,1
101,45,No,Travel_Rarely,193,Research & Development,6,4,Other,1
102,37,No,Travel_Rarely,397,Research & Development,7,4,Medical,1
103,46,No,Travel_Rarely,945,Human Resources,5,2,Medical,1
104,30,No,Travel_Rarely,852,Research & Development,1,1,Life Sciences,1
105,35,No,Travel_Rarely,1214,Research & Development,1,3,Medical,1
106,55,No,Travel_Rarely,111,Sales,1,2,Life Sciences,1
107,38,No,Non-Travel,573,Research & Development,6,3,Medical,1
110,34,No,Travel_Rarely,1153,Research & Development,1,2,Medical,1
112,56,No,Travel_Rarely,1400,Research & Development,7,3,Life Sciences,1
113,23,No,Travel_Rarely,541,Sales,2,1,Technical Degree,1
116,51,No,Travel_Rarely,432,Research & Development,9,4,Life Sciences,1
117,30,No,Travel_Rarely,288,Research & Development,2,3,Life Sciences,1
118,46,Yes,Travel_Rarely,669,Sales,9,2,Medical,1
119,40,No,Travel_Frequently,530,Research & Development,1,4,Life Sciences,1
120,51,No,Travel_Rarely,632,Sales,21,4,Marketing,1
121,30,No,Travel_Rarely,1334,Sales,4,2,Medical,1
124,46,No,Travel_Frequently,638,Research & Development,1,3,Medical,1
125,32,No,Travel_Rarely,1093,Sales,6,4,Medical,1
126,54,No,Travel_Rarely,1217,Research & Development,2,4,Technical Degree,1
128,24,No,Travel_Rarely,1353,Sales,3,2,Other,1
129,28,No,Non-Travel,120,Sales,4,3,Medical,1
131,58,No,Travel_Rarely,682,Sales,10,4,Medical,1
132,44,No,Non-Travel,489,Research & Development,23,3,Medical,1
133,37,Yes,Travel_Rarely,807,Human Resources,6,4,Human Resources,1
134,32,No,Travel_Rarely,827,Research & Development,1,1,Life Sciences,1
137,20,Yes,Travel_Frequently,871,Research & Development,6,3,Life Sciences,1
138,34,No,Travel_Rarely,665,Research & Development,6,4,Other,1
139,37,No,Non-Travel,1040,Research & Development,2,2,Life Sciences,1
140,59,No,Non-Travel,1420,Human Resources,2,4,Human Resources,1
141,50,No,Travel_Frequently,1115,Research & Development,1,3,Life Sciences,1
142,25,Yes,Travel_Rarely,240,Sales,5,3,Marketing,1
143,25,No,Travel_Rarely,1280,Research & Development,7,1,Medical,1
144,22,No,Travel_Rarely,534,Research & Development,15,3,Medical,1
145,51,No,Travel_Frequently,1456,Research & Development,1,4,Medical,1
147,34,Yes,Travel_Frequently,658,Research & Development,7,3,Life Sciences,1
148,54,No,Non-Travel,142,Human Resources,26,3,Human Resources,1
150,24,No,Travel_Rarely,1127,Research & Development,18,1,Life Sciences,1
151,34,No,Travel_Rarely,1031,Research & Development,6,4,Life Sciences,1
152,37,No,Travel_Rarely,1189,Sales,3,3,Life Sciences,1
153,34,No,Travel_Rarely,1354,Research & Development,5,3,Medical,1
154,36,No,Travel_Frequently,1467,Sales,11,2,Technical Degree,1
155,36,No,Travel_Rarely,922,Research & Development,3,2,Life Sciences,1
158,43,No,Travel_Frequently,394,Sales,26,2,Life Sciences,1
159,30,No,Travel_Frequently,1312,Research & Development,23,3,Life Sciences,1
160,33,No,Non-Travel,750,Sales,22,2,Marketing,1
161,56,Yes,Travel_Rarely,441,Research & Development,14,4,Life Sciences,1
162,51,No,Travel_Rarely,684,Research & Development,6,3,Life Sciences,1
163,31,Yes,Travel_Rarely,249,Sales,6,4,Life Sciences,1
164,26,No,Travel_Rarely,841,Research & Development,6,3,Other,1
165,58,Yes,Travel_Rarely,147,Research & Development,23,4,Medical,1
167,19,Yes,Travel_Rarely,528,Sales,22,1,Marketing,1
169,22,No,Travel_Rarely,594,Research & Development,2,1,Technical Degree,1
170,49,No,Travel_Rarely,470,Research & Development,20,4,Medical,1
171,43,No,Travel_Frequently,957,Research & Development,28,3,Medical,1
174,50,No,Travel_Frequently,809,Sales,12,3,Marketing,1
175,31,Yes,Travel_Rarely,542,Sales,20,3,Life Sciences,1
176,41,No,Travel_Rarely,802,Sales,9,1,Life Sciences,1
177,26,No,Travel_Rarely,1355,Human Resources,25,1,Life Sciences,1
178,36,No,Travel_Rarely,216,Research & Development,6,2,Medical,1
179,51,Yes,Travel_Frequently,1150,Research & Development,8,4,Life Sciences,1
182,39,No,Travel_Rarely,1329,Sales,4,4,Life Sciences,1
183,25,No,Travel_Rarely,959,Sales,28,3,Life Sciences,1
184,30,No,Travel_Rarely,1240,Human Resources,9,3,Human Resources,1
190,32,Yes,Travel_Rarely,1033,Research & Development,9,3,Medical,1
192,45,No,Travel_Rarely,1316,Research & Development,29,3,Medical,1
193,38,No,Travel_Rarely,364,Research & Development,3,5,Technical Degree,1
194,30,No,Travel_Rarely,438,Research & Development,18,3,Life Sciences,1
195,32,No,Travel_Frequently,689,Sales,9,2,Medical,1
197,30,No,Travel_Rarely,201,Research & Development,5,3,Technical Degree,1
198,30,No,Travel_Rarely,1427,Research & Development,2,1,Medical,1
199,41,No,Travel_Frequently,857,Research & Development,10,3,Life Sciences,1
200,41,No,Travel_Rarely,933,Research & Development,9,4,Life Sciences,1
201,19,No,Travel_Rarely,1181,Research & Development,3,1,Medical,1
202,40,No,Travel_Frequently,1395,Research & Development,26,3,Medical,1
204,35,No,Travel_Rarely,662,Sales,1,5,Marketing,1
205,53,No,Travel_Rarely,1436,Sales,6,2,Marketing,1
206,45,No,Travel_Rarely,194,Research & Development,9,3,Life Sciences,1
207,32,No,Travel_Frequently,967,Sales,8,3,Marketing,1
208,29,No,Non-Travel,1496,Research & Development,1,1,Technical Degree,1
211,51,No,Travel_Rarely,1169,Research & Development,7,4,Medical,1
214,58,No,Travel_Rarely,1145,Research & Development,9,3,Medical,1
215,40,No,Travel_Rarely,630,Sales,4,4,Marketing,1
216,34,No,Travel_Frequently,303,Sales,2,4,Marketing,1
217,22,No,Travel_Rarely,1256,Research & Development,19,1,Medical,1
218,27,No,Non-Travel,691,Research & Development,9,3,Medical,1
221,28,No,Travel_Rarely,440,Research & Development,21,3,Medical,1
223,57,No,Travel_Rarely,334,Research & Development,24,2,Life Sciences,1
224,27,No,Non-Travel,1450,Research & Development,3,3,Medical,1
226,50,No,Travel_Rarely,1452,Research & Development,11,3,Life Sciences,1
227,41,No,Travel_Rarely,465,Research & Development,14,3,Life Sciences,1
228,30,No,Travel_Rarely,1339,Sales,5,3,Life Sciences,1
230,38,No,Travel_Rarely,702,Sales,1,4,Life Sciences,1
231,32,No,Travel_Rarely,120,Research & Development,6,5,Life Sciences,1
233,27,No,Travel_Rarely,1157,Research & Development,17,3,Technical Degree,1
235,19,Yes,Travel_Frequently,602,Sales,1,1,Technical Degree,1
238,36,No,Travel_Frequently,1480,Research & Development,3,2,Medical,1
239,30,No,Non-Travel,111,Research & Development,9,3,Medical,1
240,45,No,Travel_Rarely,1268,Sales,4,2,Life Sciences,1
241,56,No,Travel_Rarely,713,Research & Development,8,3,Life Sciences,1
242,33,No,Travel_Rarely,134,Research & Development,2,3,Life Sciences,1
243,19,Yes,Travel_Rarely,303,Research & Development,2,3,Life Sciences,1
244,46,No,Travel_Rarely,526,Sales,1,2,Marketing,1
245,38,No,Travel_Rarely,1380,Research & Development,9,2,Life Sciences,1
246,31,No,Travel_Rarely,140,Research & Development,12,1,Medical,1
247,34,No,Travel_Rarely,629,Research & Development,27,2,Medical,1
248,41,Yes,Travel_Rarely,1356,Sales,20,2,Marketing,1
249,50,No,Travel_Rarely,328,Research & Development,1,3,Medical,1
250,53,No,Travel_Rarely,1084,Research & Development,13,2,Medical,1
252,33,No,Travel_Rarely,931,Research & Development,14,3,Medical,1
253,40,No,Travel_Rarely,989,Research & Development,4,1,Medical,1
254,55,No,Travel_Rarely,692,Research & Development,14,4,Medical,1
256,34,No,Travel_Frequently,1069,Research & Development,2,1,Life Sciences,1
258,51,No,Travel_Rarely,313,Research & Development,3,3,Medical,1
259,52,No,Travel_Rarely,699,Research & Development,1,4,Life Sciences,1
260,27,No,Travel_Rarely,894,Research & Development,9,3,Medical,1
261,35,Yes,Travel_Rarely,556,Research & Development,23,2,Life Sciences,1
262,43,No,Non-Travel,1344,Research & Development,7,3,Medical,1
264,45,No,Non-Travel,1195,Research & Development,2,2,Medical,1
267,37,No,Travel_Rarely,290,Research & Development,21,3,Life Sciences,1
269,35,No,Travel_Frequently,138,Research & Development,2,3,Medical,1
270,42,No,Non-Travel,926,Research & Development,21,2,Medical,1
271,38,No,Travel_Rarely,1261,Research & Development,2,4,Life Sciences,1
273,38,No,Travel_Rarely,1084,Research & Development,29,3,Technical Degree,1
274,27,No,Travel_Frequently,472,Research & Development,1,1,Technical Degree,1
275,49,No,Non-Travel,1002,Research & Development,18,4,Life Sciences,1
277,34,No,Travel_Frequently,878,Research & Development,10,4,Medical,1
281,40,No,Travel_Rarely,905,Research & Development,19,2,Medical,1
282,38,Yes,Travel_Rarely,1180,Research & Development,29,1,Medical,1
283,29,Yes,Travel_Rarely,121,Sales,27,3,Marketing,1
284,22,No,Travel_Rarely,1136,Research & Development,5,3,Life Sciences,1
286,36,No,Travel_Frequently,635,Research & Development,18,1,Medical,1
287,40,No,Non-Travel,1151,Research & Development,9,5,Life Sciences,1
288,46,No,Travel_Rarely,644,Research & Development,1,4,Medical,1
291,32,Yes,Travel_Rarely,1045,Sales,4,4,Medical,1
292,30,No,Non-Travel,829,Research & Development,1,1,Life Sciences,1
293,27,No,Travel_Frequently,1242,Sales,20,3,Life Sciences,1
296,51,No,Travel_Rarely,1469,Research & Development,8,4,Life Sciences,1
297,30,Yes,Travel_Rarely,1005,Research & Development,3,3,Technical Degree,1
298,41,No,Travel_Rarely,896,Sales,6,3,Life Sciences,1
299,30,Yes,Travel_Frequently,334,Sales,26,4,Marketing,1
300,29,Yes,Travel_Rarely,992,Research & Development,1,3,Technical Degree,1
302,45,No,Non-Travel,1052,Sales,6,3,Medical,1
303,54,No,Travel_Rarely,1147,Sales,3,3,Marketing,1
304,36,No,Travel_Rarely,1396,Research & Development,5,2,Life Sciences,1
305,33,No,Travel_Rarely,147,Research & Development,4,4,Medical,1
306,37,No,Travel_Frequently,663,Research & Development,11,3,Other,1
307,38,No,Travel_Rarely,119,Sales,3,3,Life Sciences,1
308,31,No,Non-Travel,979,Research & Development,1,4,Medical,1
309,59,No,Travel_Rarely,142,Research & Development,3,3,Life Sciences,1
311,37,No,Travel_Frequently,319,Sales,4,4,Marketing,1
312,29,No,Travel_Frequently,1413,Sales,1,1,Medical,1
314,35,No,Travel_Frequently,944,Sales,1,3,Marketing,1
315,29,Yes,Travel_Rarely,896,Research & Development,18,1,Medical,1
316,52,No,Travel_Rarely,1323,Research & Development,2,3,Life Sciences,1
319,42,No,Travel_Rarely,532,Research & Development,4,2,Technical Degree,1
321,59,No,Travel_Rarely,818,Human Resources,6,2,Medical,1
323,50,No,Travel_Rarely,854,Sales,1,4,Medical,1
325,33,Yes,Travel_Rarely,813,Research & Development,14,3,Medical,1
327,43,No,Travel_Rarely,1034,Sales,16,3,Marketing,1
328,33,Yes,Travel_Rarely,465,Research & Development,2,2,Life Sciences,1
329,52,No,Non-Travel,771,Sales,2,4,Life Sciences,1
330,32,No,Travel_Rarely,1401,Sales,4,2,Life Sciences,1
331,32,Yes,Travel_Rarely,515,Research & Development,1,3,Life Sciences,1
332,39,No,Travel_Rarely,1431,Research & Development,1,4,Medical,1
333,32,No,Non-Travel,976,Sales,26,4,Marketing,1
334,41,No,Travel_Rarely,1411,Research & Development,19,2,Life Sciences,1
335,40,No,Travel_Rarely,1300,Research & Development,24,2,Technical Degree,1
336,45,No,Travel_Rarely,252,Research & Development,1,3,Other,1
337,31,No,Travel_Frequently,1327,Research & Development,3,4,Medical,1
338,33,No,Travel_Rarely,832,Research & Development,5,4,Life Sciences,1
339,34,No,Travel_Rarely,470,Research & Development,2,4,Life Sciences,1
340,37,No,Travel_Rarely,1017,Research & Development,1,2,Medical,1
341,45,No,Travel_Frequently,1199,Research & Development,7,4,Life Sciences,1
342,37,Yes,Travel_Frequently,504,Research & Development,10,3,Medical,1
343,39,No,Travel_Frequently,505,Research & Development,2,4,Technical Degree,1
346,29,No,Travel_Rarely,665,Research & Development,15,3,Life Sciences,1
347,42,No,Travel_Rarely,916,Research & Development,17,2,Life Sciences,1
349,29,No,Travel_Rarely,1247,Sales,20,2,Marketing,1
350,25,No,Travel_Rarely,685,Research & Development,1,3,Life Sciences,1
351,42,No,Travel_Rarely,269,Research & Development,2,3,Medical,1
352,40,No,Travel_Rarely,1416,Research & Development,2,2,Medical,1
353,51,No,Travel_Rarely,833,Research & Development,1,3,Life Sciences,1
355,31,Yes,Travel_Frequently,307,Research & Development,29,2,Medical,1
359,32,No,Travel_Frequently,1311,Research & Development,7,3,Life Sciences,1
361,38,No,Non-Travel,1327,Sales,2,2,Life Sciences,1
362,32,No,Travel_Rarely,128,Research & Development,2,1,Technical Degree,1
363,46,No,Travel_Rarely,488,Sales,2,3,Technical Degree,1
364,28,Yes,Travel_Rarely,529,Research & Development,2,4,Life Sciences,1
366,29,No,Travel_Rarely,1210,Sales,2,3,Medical,1
367,31,No,Travel_Rarely,1463,Research & Development,23,3,Medical,1
369,25,No,Non-Travel,675,Research & Development,5,2,Life Sciences,1
372,45,No,Travel_Rarely,1385,Research & Development,20,2,Medical,1
373,36,No,Travel_Rarely,1403,Research & Development,6,3,Life Sciences,1
374,55,No,Travel_Rarely,452,Research & Development,1,3,Medical,1
376,47,Yes,Non-Travel,666,Research & Development,29,4,Life Sciences,1
377,28,No,Travel_Rarely,1158,Research & Development,9,3,Medical,1
378,37,No,Travel_Rarely,228,Sales,6,4,Medical,1
379,21,No,Travel_Rarely,996,Research & Development,3,2,Medical,1
380,37,No,Non-Travel,728,Research & Development,1,4,Medical,1
381,35,No,Travel_Rarely,1315,Research & Development,22,3,Life Sciences,1
382,38,No,Travel_Rarely,322,Sales,7,2,Medical,1
384,26,No,Travel_Frequently,1479,Research & Development,1,3,Life Sciences,1
385,50,No,Travel_Rarely,797,Research & Development,4,1,Life Sciences,1
386,53,No,Travel_Rarely,1070,Research & Development,3,4,Medical,1
387,42,No,Travel_Rarely,635,Sales,1,1,Life Sciences,1
388,29,No,Travel_Frequently,442,Sales,2,2,Life Sciences,1
389,55,No,Travel_Rarely,147,Research & Development,20,2,Technical Degree,1
390,26,No,Travel_Frequently,496,Research & Development,11,2,Medical,1
391,37,No,Travel_Rarely,1372,Research & Development,1,3,Life Sciences,1
392,44,Yes,Travel_Frequently,920,Research & Development,24,3,Life Sciences,1
393,38,No,Travel_Rarely,688,Research & Development,23,4,Life Sciences,1
394,26,Yes,Travel_Rarely,1449,Research & Development,16,4,Medical,1
395,28,No,Travel_Rarely,1117,Research & Development,8,2,Life Sciences,1
396,49,No,Travel_Frequently,636,Research & Development,10,4,Life Sciences,1
397,36,No,Travel_Rarely,506,Research & Development,3,3,Technical Degree,1
399,31,No,Travel_Frequently,444,Sales,5,3,Marketing,1
401,26,Yes,Travel_Rarely,950,Sales,4,4,Marketing,1
403,37,No,Travel_Frequently,889,Research & Development,9,3,Medical,1
404,42,No,Travel_Frequently,555,Sales,26,3,Marketing,1
405,18,Yes,Travel_Rarely,230,Research & Development,3,3,Life Sciences,1
406,35,No,Travel_Rarely,1232,Sales,16,3,Marketing,1
407,36,No,Travel_Frequently,566,Research & Development,18,4,Life Sciences,1
408,51,No,Travel_Rarely,1302,Research & Development,2,3,Medical,1
410,41,No,Travel_Rarely,334,Sales,2,4,Life Sciences,1
411,18,No,Travel_Rarely,812,Sales,10,3,Medical,1
412,28,No,Travel_Rarely,1476,Research & Development,16,2,Medical,1
416,31,No,Travel_Rarely,218,Sales,7,3,Technical Degree,1
417,39,No,Travel_Rarely,1132,Research & Development,1,3,Medical,1
419,36,No,Non-Travel,1105,Research & Development,24,4,Life Sciences,1
420,32,No,Travel_Rarely,906,Sales,7,3,Life Sciences,1
421,38,No,Travel_Rarely,849,Research & Development,25,2,Life Sciences,1
422,58,No,Non-Travel,390,Research & Development,1,4,Life Sciences,1
423,31,No,Travel_Rarely,691,Research & Development,5,4,Technical Degree,1
424,31,No,Travel_Rarely,106,Human Resources,2,3,Human Resources,1
425,45,No,Travel_Frequently,1249,Research & Development,7,3,Life Sciences,1
426,31,No,Travel_Rarely,192,Research & Development,2,4,Life Sciences,1
428,33,No,Travel_Frequently,553,Research & Development,5,4,Life Sciences,1
429,39,No,Travel_Rarely,117,Research & Development,10,1,Medical,1
430,43,No,Travel_Frequently,185,Research & Development,10,4,Life Sciences,1
431,49,No,Travel_Rarely,1091,Research & Development,1,2,Technical Degree,1
433,52,Yes,Travel_Rarely,723,Research & Development,8,4,Medical,1
434,27,No,Travel_Rarely,1220,Research & Development,5,3,Life Sciences,1
436,32,No,Travel_Rarely,588,Sales,8,2,Technical Degree,1
437,27,No,Travel_Rarely,1377,Sales,2,3,Life Sciences,1
438,31,No,Travel_Rarely,691,Sales,7,3,Marketing,1
439,32,No,Travel_Rarely,1018,Research & Development,2,4,Medical,1
440,28,Yes,Travel_Rarely,1157,Research & Development,2,4,Medical,1
441,30,No,Travel_Rarely,1275,Research & Development,28,2,Medical,1
442,31,No,Travel_Frequently,798,Research & Development,7,2,Life Sciences,1
444,39,No,Travel_Frequently,672,Research & Development,7,2,Medical,1
445,39,Yes,Travel_Rarely,1162,Sales,3,2,Medical,1
446,33,No,Travel_Frequently,508,Sales,10,3,Marketing,1
447,47,No,Travel_Rarely,1482,Research & Development,5,5,Life Sciences,1
448,43,No,Travel_Frequently,559,Research & Development,10,4,Life Sciences,1
449,27,No,Non-Travel,210,Sales,1,1,Marketing,1
450,54,No,Travel_Frequently,928,Research & Development,20,4,Life Sciences,1
451,43,No,Travel_Rarely,1001,Research & Development,7,3,Life Sciences,1
452,45,No,Travel_Rarely,549,Research & Development,8,4,Other,1
453,40,No,Travel_Rarely,1124,Sales,1,2,Medical,1
454,29,Yes,Travel_Rarely,318,Research & Development,8,4,Other,1
455,29,No,Travel_Rarely,738,Research & Development,9,5,Other,1
456,30,No,Travel_Rarely,570,Sales,5,3,Marketing,1
458,27,No,Travel_Rarely,1130,Sales,8,4,Marketing,1
460,37,No,Travel_Rarely,1192,Research & Development,5,2,Medical,1
461,38,No,Travel_Rarely,343,Research & Development,15,2,Life Sciences,1
462,31,No,Travel_Rarely,1232,Research & Development,7,4,Medical,1
463,29,No,Travel_Rarely,144,Sales,10,1,Marketing,1
464,35,No,Travel_Rarely,1296,Research & Development,5,4,Technical Degree,1
465,23,No,Travel_Rarely,1309,Research & Development,26,1,Life Sciences,1
466,41,No,Travel_Rarely,483,Research & Development,6,3,Medical,1
467,47,No,Travel_Frequently,1309,Sales,4,1,Medical,1
468,42,No,Travel_Rarely,810,Research & Development,23,5,Life Sciences,1
469,29,No,Non-Travel,746,Sales,2,3,Life Sciences,1
470,42,No,Travel_Rarely,544,Human Resources,2,1,Technical Degree,1
471,32,No,Travel_Rarely,1062,Research & Development,2,3,Medical,1
473,48,No,Travel_Rarely,530,Sales,29,1,Medical,1
474,37,No,Travel_Rarely,1319,Research & Development,6,3,Medical,1
475,30,No,Non-Travel,641,Sales,25,2,Technical Degree,1
476,26,No,Travel_Rarely,933,Sales,1,3,Life Sciences,1
477,42,No,Travel_Rarely,1332,Research & Development,2,4,Other,1
478,21,Yes,Travel_Frequently,756,Sales,1,1,Technical Degree,1
479,36,No,Non-Travel,845,Sales,1,5,Medical,1
481,36,No,Travel_Frequently,541,Sales,3,4,Medical,1
482,57,No,Travel_Rarely,593,Research & Development,1,4,Medical,1
483,40,No,Travel_Rarely,1171,Research & Development,10,4,Life Sciences,1
484,21,No,Non-Travel,895,Sales,9,2,Medical,1
485,33,Yes,Travel_Rarely,350,Sales,5,3,Marketing,1
486,37,No,Travel_Rarely,921,Research & Development,10,3,Medical,1
487,46,No,Non-Travel,1144,Research & Development,7,4,Medical,1
488,41,Yes,Travel_Frequently,143,Sales,4,3,Marketing,1
491,50,No,Travel_Rarely,1046,Research & Development,10,3,Technical Degree,1
492,40,Yes,Travel_Rarely,575,Sales,22,2,Marketing,1
493,31,No,Travel_Rarely,408,Research & Development,9,4,Life Sciences,1
494,21,Yes,Travel_Rarely,156,Sales,12,3,Life Sciences,1
495,29,No,Travel_Rarely,1283,Research & Development,23,3,Life Sciences,1
496,35,No,Travel_Rarely,755,Research & Development,9,4,Life Sciences,1
497,27,No,Travel_Rarely,1469,Research & Development,1,2,Medical,1
498,28,No,Travel_Rarely,304,Sales,9,4,Life Sciences,1
499,49,No,Travel_Rarely,1261,Research & Development,7,3,Other,1
500,51,No,Travel_Rarely,1178,Sales,14,2,Life Sciences,1
501,36,No,Travel_Rarely,329,Research & Development,2,3,Life Sciences,1
502,34,Yes,Non-Travel,1362,Sales,19,3,Marketing,1
505,55,No,Travel_Rarely,1311,Research & Development,2,3,Life Sciences,1
507,24,No,Travel_Rarely,1371,Sales,10,4,Marketing,1
508,30,No,Travel_Rarely,202,Sales,2,1,Technical Degree,1
510,26,Yes,Travel_Frequently,575,Research & Development,3,1,Technical Degree,1
511,22,No,Travel_Rarely,253,Research & Development,11,3,Medical,1
513,36,No,Travel_Rarely,164,Sales,2,2,Medical,1
514,30,Yes,Travel_Frequently,464,Research & Development,4,3,Technical Degree,1
515,37,No,Travel_Rarely,1107,Research & Development,14,3,Life Sciences,1
516,40,No,Travel_Rarely,759,Sales,2,2,Marketing,1
517,42,No,Travel_Rarely,201,Research & Development,1,4,Life Sciences,1
518,37,No,Travel_Rarely,1305,Research & Development,10,4,Life Sciences,1
520,43,No,Travel_Rarely,982,Research & Development,12,3,Life Sciences,1
521,40,No,Travel_Rarely,555,Research & Development,2,3,Medical,1
522,54,No,Travel_Rarely,821,Research & Development,5,2,Medical,1
523,34,No,Non-Travel,1381,Sales,4,4,Marketing,1
524,31,No,Travel_Rarely,480,Research & Development,7,2,Medical,1
525,43,No,Travel_Frequently,313,Research & Development,21,3,Medical,1
526,43,No,Travel_Rarely,1473,Research & Development,8,4,Other,1
527,25,No,Travel_Rarely,891,Sales,4,2,Life Sciences,1
529,37,No,Non-Travel,1063,Research & Development,25,5,Medical,1
530,31,No,Travel_Rarely,329,Research & Development,1,2,Life Sciences,1
531,39,No,Travel_Frequently,1218,Research & Development,1,1,Life Sciences,1
532,56,No,Travel_Frequently,906,Sales,6,3,Life Sciences,1
533,30,No,Travel_Rarely,1082,Sales,12,3,Technical Degree,1
534,41,No,Travel_Rarely,645,Sales,1,3,Marketing,1
536,28,No,Travel_Rarely,1300,Research & Development,17,2,Medical,1
538,25,Yes,Travel_Rarely,688,Research & Development,3,3,Medical,1
543,52,No,Travel_Rarely,319,Research & Development,3,3,Medical,1
544,45,No,Travel_Rarely,192,Research & Development,10,2,Life Sciences,1
546,52,No,Travel_Rarely,1490,Research & Development,4,2,Life Sciences,1
547,42,No,Travel_Frequently,532,Research & Development,29,2,Life Sciences,1
548,30,No,Travel_Rarely,317,Research & Development,2,3,Life Sciences,1
549,60,No,Travel_Rarely,422,Research & Development,7,3,Life Sciences,1
550,46,No,Travel_Rarely,1485,Research & Development,18,3,Medical,1
551,42,No,Travel_Frequently,1368,Research & Development,28,4,Technical Degree,1
554,24,Yes,Travel_Rarely,1448,Sales,1,1,Technical Degree,1
555,34,Yes,Travel_Frequently,296,Sales,6,2,Marketing,1
556,38,No,Travel_Frequently,1490,Research & Development,2,2,Life Sciences,1
558,40,No,Travel_Rarely,1398,Sales,2,4,Life Sciences,1
560,26,No,Travel_Rarely,1349,Research & Development,23,3,Life Sciences,1
562,30,No,Non-Travel,1400,Research & Development,3,3,Life Sciences,1
564,29,No,Travel_Rarely,986,Research & Development,3,4,Medical,1
565,29,Yes,Travel_Rarely,408,Research & Development,25,5,Technical Degree,1
566,19,Yes,Travel_Rarely,489,Human Resources,2,2,Technical Degree,1
567,30,No,Non-Travel,1398,Sales,22,4,Other,1
568,57,No,Travel_Rarely,210,Sales,29,3,Marketing,1
569,50,No,Travel_Rarely,1099,Research & Development,29,4,Life Sciences,1
571,30,No,Non-Travel,1116,Research & Development,2,3,Medical,1
573,60,No,Travel_Frequently,1499,Sales,28,3,Marketing,1
574,47,No,Travel_Rarely,983,Research & Development,2,2,Medical,1
575,46,No,Travel_Rarely,1009,Research & Development,2,3,Life Sciences,1
577,35,No,Travel_Rarely,144,Research & Development,22,3,Life Sciences,1
578,54,No,Travel_Rarely,548,Research & Development,8,4,Life Sciences,1
579,34,No,Travel_Rarely,1303,Research & Development,2,4,Life Sciences,1
580,46,No,Travel_Rarely,1125,Sales,10,3,Marketing,1
581,31,No,Travel_Rarely,1274,Research & Development,9,1,Life Sciences,1
582,33,Yes,Travel_Rarely,1277,Research & Development,15,1,Medical,1
584,33,Yes,Travel_Rarely,587,Research & Development,10,1,Medical,1
585,30,No,Travel_Rarely,413,Sales,7,1,Marketing,1
586,35,No,Travel_Rarely,1276,Research & Development,16,3,Life Sciences,1
587,31,Yes,Travel_Frequently,534,Research & Development,20,3,Life Sciences,1
590,34,Yes,Travel_Frequently,988,Human Resources,23,3,Human Resources,1
591,42,No,Travel_Frequently,1474,Research & Development,5,2,Other,1
592,36,No,Non-Travel,635,Sales,10,4,Medical,1
593,22,Yes,Travel_Frequently,1368,Research & Development,4,1,Technical Degree,1
595,48,No,Travel_Rarely,163,Sales,2,5,Marketing,1
597,55,No,Travel_Rarely,1117,Sales,18,5,Life Sciences,1
599,41,No,Non-Travel,267,Sales,10,2,Life Sciences,1
600,35,No,Travel_Rarely,619,Sales,1,3,Marketing,1
601,40,No,Travel_Rarely,302,Research & Development,6,3,Life Sciences,1
602,39,No,Travel_Frequently,443,Research & Development,8,1,Life Sciences,1
604,31,No,Travel_Rarely,828,Sales,2,1,Life Sciences,1
605,42,No,Travel_Rarely,319,Research & Development,24,3,Medical,1
606,45,No,Travel_Rarely,561,Sales,2,3,Other,1
608,26,Yes,Travel_Frequently,426,Human Resources,17,4,Life Sciences,1
611,29,No,Travel_Rarely,232,Research & Development,19,3,Technical Degree,1
612,33,No,Travel_Rarely,922,Research & Development,1,5,Medical,1
613,31,No,Travel_Rarely,688,Sales,7,3,Life Sciences,1
614,18,Yes,Travel_Frequently,1306,Sales,5,3,Marketing,1
615,40,No,Non-Travel,1094,Sales,28,3,Other,1
616,41,No,Non-Travel,509,Research & Development,2,4,Other,1
618,26,No,Travel_Rarely,775,Sales,29,2,Medical,1
620,35,No,Travel_Rarely,195,Sales,1,3,Medical,1
621,34,No,Travel_Rarely,258,Sales,21,4,Life Sciences,1
622,26,Yes,Travel_Rarely,471,Research & Development,24,3,Technical Degree,1
623,37,No,Travel_Rarely,799,Research & Development,1,3,Technical Degree,1
624,46,No,Travel_Frequently,1034,Research & Development,18,1,Medical,1
625,41,No,Travel_Rarely,1276,Sales,2,5,Life Sciences,1
626,37,No,Non-Travel,142,Sales,9,4,Medical,1
630,52,No,Travel_Rarely,956,Research & Development,6,2,Technical Degree,1
631,32,Yes,Non-Travel,1474,Sales,11,4,Other,1
632,24,No,Travel_Frequently,535,Sales,24,3,Medical,1
634,38,No,Travel_Rarely,1495,Research & Development,10,3,Medical,1
635,37,No,Travel_Rarely,446,Research & Development,1,4,Life Sciences,1
638,49,No,Travel_Rarely,1245,Research & Development,18,4,Life Sciences,1
639,24,No,Travel_Rarely,691,Research & Development,23,3,Medical,1
641,26,No,Travel_Rarely,703,Sales,28,2,Marketing,1
643,24,No,Travel_Rarely,823,Research & Development,17,2,Other,1
644,50,No,Travel_Frequently,1246,Human Resources,3,3,Medical,1
645,25,No,Travel_Rarely,622,Sales,13,1,Medical,1
647,24,Yes,Travel_Frequently,1287,Research & Development,7,3,Life Sciences,1
648,30,Yes,Travel_Frequently,448,Sales,12,4,Life Sciences,1
649,34,No,Travel_Rarely,254,Research & Development,1,2,Life Sciences,1
650,31,Yes,Travel_Rarely,1365,Sales,13,4,Medical,1
652,35,No,Travel_Rarely,538,Research & Development,25,2,Other,1
653,31,No,Travel_Rarely,525,Sales,6,4,Medical,1
655,27,No,Travel_Rarely,798,Research & Development,6,4,Medical,1
656,37,No,Travel_Rarely,558,Sales,2,3,Marketing,1
657,20,No,Travel_Rarely,959,Research & Development,1,3,Life Sciences,1
659,42,No,Travel_Rarely,622,Research & Development,2,4,Life Sciences,1
661,43,No,Travel_Rarely,782,Research & Development,6,4,Other,1
662,38,No,Travel_Rarely,362,Research & Development,1,1,Life Sciences,1
663,43,No,Travel_Frequently,1001,Research & Development,9,5,Medical,1
664,48,No,Travel_Rarely,1236,Research & Development,1,4,Life Sciences,1
665,44,No,Travel_Rarely,1112,Human Resources,1,4,Life Sciences,1
666,34,No,Travel_Rarely,204,Sales,14,3,Technical Degree,1
667,27,Yes,Travel_Rarely,1420,Sales,2,1,Marketing,1
669,21,No,Travel_Rarely,1343,Sales,22,1,Technical Degree,1
671,44,No,Travel_Rarely,1315,Research & Development,3,4,Other,1
675,22,No,Travel_Rarely,604,Research & Development,6,1,Medical,1
677,33,No,Travel_Rarely,1216,Sales,8,4,Marketing,1
679,32,No,Travel_Rarely,646,Research & Development,9,4,Life Sciences,1
680,30,No,Travel_Frequently,160,Research & Development,3,3,Medical,1
682,53,No,Travel_Rarely,238,Sales,1,1,Medical,1
683,34,No,Travel_Rarely,1397,Research & Development,1,5,Life Sciences,1
684,45,Yes,Travel_Frequently,306,Sales,26,4,Life Sciences,1
686,26,No,Travel_Rarely,991,Research & Development,6,3,Life Sciences,1
689,37,No,Travel_Rarely,482,Research & Development,3,3,Other,1
690,29,No,Travel_Rarely,1176,Sales,3,2,Medical,1
691,35,No,Travel_Rarely,1017,Research & Development,6,4,Life Sciences,1
692,33,No,Travel_Frequently,1296,Research & Development,6,3,Life Sciences,1
698,54,No,Travel_Rarely,397,Human Resources,19,4,Medical,1
699,36,No,Travel_Rarely,913,Research & Development,9,2,Medical,1
700,27,No,Travel_Rarely,1115,Research & Development,3,4,Medical,1
701,20,Yes,Travel_Rarely,1362,Research & Development,10,1,Medical,1
702,33,Yes,Travel_Frequently,1076,Research & Development,3,3,Life Sciences,1
704,35,No,Non-Travel,727,Research & Development,3,3,Life Sciences,1
705,23,No,Travel_Rarely,885,Research & Development,4,3,Medical,1
707,25,No,Travel_Rarely,810,Sales,8,3,Life Sciences,1
709,38,No,Travel_Rarely,243,Sales,7,4,Marketing,1
710,29,No,Travel_Frequently,806,Research & Development,1,4,Life Sciences,1
712,48,No,Travel_Rarely,817,Sales,2,1,Marketing,1
714,27,No,Travel_Frequently,1410,Sales,3,1,Medical,1
715,37,No,Travel_Rarely,1225,Research & Development,10,2,Life Sciences,1
716,50,No,Travel_Rarely,1207,Research & Development,28,1,Medical,1
717,34,No,Travel_Rarely,1442,Research & Development,9,3,Medical,1
720,24,Yes,Travel_Rarely,693,Sales,3,2,Life Sciences,1
721,39,No,Travel_Rarely,408,Research & Development,2,4,Technical Degree,1
722,32,No,Travel_Rarely,929,Sales,10,3,Marketing,1
723,50,Yes,Travel_Frequently,562,Sales,8,2,Technical Degree,1
724,38,No,Travel_Rarely,827,Research & Development,1,4,Life Sciences,1
725,27,No,Travel_Rarely,608,Research & Development,1,2,Life Sciences,1
727,32,No,Travel_Rarely,1018,Research & Development,3,2,Life Sciences,1
728,47,No,Travel_Rarely,703,Sales,14,4,Marketing,1
729,40,No,Travel_Frequently,580,Sales,5,4,Life Sciences,1
730,53,No,Travel_Rarely,970,Research & Development,7,3,Life Sciences,1
731,41,No,Travel_Rarely,427,Human Resources,10,4,Human Resources,1
732,60,No,Travel_Rarely,1179,Sales,16,4,Marketing,1
733,27,No,Travel_Frequently,294,Research & Development,10,2,Life Sciences,1
734,41,No,Travel_Rarely,314,Human Resources,1,3,Human Resources,1
738,50,No,Travel_Rarely,316,Sales,8,4,Marketing,1
741,28,Yes,Travel_Rarely,654,Research & Development,1,2,Life Sciences,1
742,36,No,Non-Travel,427,Research & Development,8,3,Life Sciences,1
743,38,No,Travel_Rarely,168,Research & Development,1,3,Life Sciences,1
744,44,No,Non-Travel,381,Research & Development,24,3,Medical,1
746,47,No,Travel_Frequently,217,Sales,3,3,Medical,1
747,30,No,Travel_Rarely,501,Sales,27,5,Marketing,1
749,29,No,Travel_Rarely,1396,Sales,10,3,Life Sciences,1
752,42,Yes,Travel_Frequently,933,Research & Development,19,3,Medical,1
754,43,No,Travel_Frequently,775,Sales,15,3,Life Sciences,1
757,34,No,Travel_Rarely,970,Research & Development,8,2,Medical,1
758,23,No,Travel_Rarely,650,Research & Development,9,1,Medical,1
760,39,No,Travel_Rarely,141,Human Resources,3,3,Human Resources,1
762,56,No,Travel_Rarely,832,Research & Development,9,3,Medical,1
763,40,No,Travel_Rarely,804,Research & Development,2,1,Medical,1
764,27,No,Travel_Rarely,975,Research & Development,7,3,Medical,1
766,29,No,Travel_Rarely,1090,Sales,10,3,Marketing,1
769,53,No,Travel_Rarely,346,Research & Development,6,3,Life Sciences,1
771,35,No,Non-Travel,1225,Research & Development,2,4,Life Sciences,1
772,32,No,Travel_Frequently,430,Research & Development,24,4,Life Sciences,1
773,38,No,Travel_Rarely,268,Research & Development,2,5,Medical,1
775,34,No,Travel_Rarely,167,Research & Development,8,5,Life Sciences,1
776,52,No,Travel_Rarely,621,Sales,3,4,Marketing,1
780,33,Yes,Travel_Rarely,527,Research & Development,1,4,Other,1
781,25,No,Travel_Rarely,883,Sales,26,1,Medical,1
783,45,No,Travel_Rarely,954,Sales,2,2,Technical Degree,1
784,23,No,Travel_Rarely,310,Research & Development,10,1,Medical,1
785,47,Yes,Travel_Frequently,719,Sales,27,2,Life Sciences,1
786,34,No,Travel_Rarely,304,Sales,2,3,Other,1
787,55,Yes,Travel_Rarely,725,Research & Development,2,3,Medical,1
789,36,No,Non-Travel,1434,Sales,8,4,Life Sciences,1
791,52,No,Non-Travel,715,Research & Development,19,4,Medical,1
792,26,No,Travel_Frequently,575,Research & Development,1,2,Life Sciences,1
793,29,No,Travel_Rarely,657,Research & Development,27,3,Medical,1
796,26,Yes,Travel_Rarely,1146,Sales,8,3,Technical Degree,1
797,34,No,Travel_Rarely,182,Research & Development,1,4,Life Sciences,1
799,54,No,Travel_Rarely,376,Research & Development,19,4,Medical,1
800,27,No,Travel_Frequently,829,Sales,8,1,Marketing,1
802,37,No,Travel_Rarely,571,Research & Development,10,1,Life Sciences,1
803,38,No,Travel_Frequently,240,Research & Development,2,4,Life Sciences,1
804,34,No,Travel_Rarely,121,Research & Development,2,4,Medical,1
805,35,No,Travel_Rarely,384,Sales,8,4,Life Sciences,1
806,30,No,Travel_Rarely,921,Research & Development,1,3,Life Sciences,1
807,40,No,Travel_Frequently,791,Research & Development,2,2,Medical,1
808,34,No,Travel_Rarely,1111,Sales,8,2,Life Sciences,1
809,42,No,Travel_Frequently,570,Research & Development,8,3,Life Sciences,1
811,23,Yes,Travel_Rarely,1243,Research & Development,6,3,Life Sciences,1
812,24,No,Non-Travel,1092,Research & Development,9,3,Life Sciences,1
813,52,No,Travel_Rarely,1325,Research & Development,11,4,Life Sciences,1
815,50,No,Travel_Rarely,691,Research & Development,2,3,Medical,1
816,29,Yes,Travel_Rarely,805,Research & Development,1,2,Life Sciences,1
817,33,No,Travel_Rarely,213,Research & Development,7,3,Medical,1
819,33,Yes,Travel_Rarely,118,Sales,16,3,Marketing,1
820,47,No,Travel_Rarely,202,Research & Development,2,2,Other,1
823,36,No,Travel_Rarely,676,Research & Development,1,3,Other,1
824,29,No,Travel_Rarely,1252,Research & Development,23,2,Life Sciences,1
825,58,Yes,Travel_Rarely,286,Research & Development,2,4,Life Sciences,1
826,35,No,Travel_Rarely,1258,Research & Development,1,4,Life Sciences,1
827,42,No,Travel_Rarely,932,Research & Development,1,2,Life Sciences,1
828,28,Yes,Travel_Rarely,890,Research & Development,2,4,Medical,1
829,36,No,Travel_Rarely,1041,Human Resources,13,3,Human Resources,1
830,32,No,Travel_Rarely,859,Research & Development,4,3,Life Sciences,1
832,40,No,Travel_Frequently,720,Research & Development,16,4,Medical,1
833,30,No,Travel_Rarely,946,Research & Development,2,3,Medical,1
834,45,No,Travel_Rarely,252,Research & Development,2,3,Life Sciences,1
836,42,No,Travel_Rarely,933,Research & Development,29,3,Life Sciences,1
837,38,No,Travel_Frequently,471,Research & Development,12,3,Life Sciences,1
838,34,No,Travel_Frequently,702,Research & Development,16,4,Life Sciences,1
840,49,Yes,Travel_Rarely,1184,Sales,11,3,Marketing,1
842,55,Yes,Travel_Rarely,436,Sales,2,1,Medical,1
843,43,No,Travel_Rarely,589,Research & Development,14,2,Life Sciences,1
844,27,No,Travel_Rarely,269,Research & Development,5,1,Technical Degree,1
845,35,No,Travel_Rarely,950,Research & Development,7,3,Other,1
846,28,No,Travel_Rarely,760,Sales,2,4,Marketing,1
847,34,No,Travel_Rarely,829,Human Resources,3,2,Human Resources,1
848,26,Yes,Travel_Frequently,887,Research & Development,5,2,Medical,1
850,27,No,Non-Travel,443,Research & Development,3,3,Medical,1
851,51,No,Travel_Rarely,1318,Sales,26,4,Marketing,1
852,44,No,Travel_Rarely,625,Research & Development,4,3,Medical,1
854,25,No,Travel_Rarely,180,Research & Development,2,1,Medical,1
855,33,No,Travel_Rarely,586,Sales,1,3,Medical,1
856,35,No,Travel_Rarely,1343,Research & Development,27,1,Medical,1
857,36,No,Travel_Rarely,928,Sales,1,2,Life Sciences,1
859,32,No,Travel_Rarely,117,Sales,13,4,Life Sciences,1
861,30,No,Travel_Frequently,1012,Research & Development,5,4,Life Sciences,1
862,53,No,Travel_Rarely,661,Sales,7,2,Marketing,1
864,45,No,Travel_Rarely,930,Sales,9,3,Marketing,1
865,32,No,Travel_Rarely,638,Research & Development,8,2,Medical,1
867,52,No,Travel_Frequently,890,Research & Development,25,4,Medical,1
868,37,No,Travel_Rarely,342,Sales,16,4,Marketing,1
869,28,No,Travel_Rarely,1169,Human Resources,8,2,Medical,1
872,22,No,Travel_Rarely,1230,Research & Development,1,2,Life Sciences,1
874,44,No,Travel_Rarely,986,Research & Development,8,4,Life Sciences,1
875,42,No,Travel_Frequently,1271,Research & Development,2,1,Medical,1
878,36,No,Travel_Rarely,1278,Human Resources,8,3,Life Sciences,1
879,25,No,Travel_Rarely,141,Sales,3,1,Other,1
880,35,No,Travel_Rarely,607,Research & Development,9,3,Life Sciences,1
881,35,Yes,Travel_Frequently,130,Research & Development,25,4,Life Sciences,1
882,32,No,Non-Travel,300,Research & Development,1,3,Life Sciences,1
885,25,No,Travel_Rarely,583,Sales,4,1,Marketing,1
887,49,No,Travel_Rarely,1418,Research & Development,1,3,Technical Degree,1
888,24,No,Non-Travel,1269,Research & Development,4,1,Life Sciences,1
889,32,No,Travel_Frequently,379,Sales,5,2,Life Sciences,1
893,38,No,Travel_Rarely,395,Sales,9,3,Marketing,1
894,42,No,Travel_Rarely,1265,Research & Development,3,3,Life Sciences,1
895,31,No,Travel_Rarely,1222,Research & Development,11,4,Life Sciences,1
896,29,Yes,Travel_Rarely,341,Sales,1,3,Medical,1
897,53,No,Travel_Rarely,868,Sales,8,3,Marketing,1
899,35,No,Travel_Rarely,672,Research & Development,25,3,Technical Degree,1
900,37,No,Travel_Frequently,1231,Sales,21,2,Medical,1
901,53,No,Travel_Rarely,102,Research & Development,23,4,Life Sciences,1
902,43,No,Travel_Frequently,422,Research & Development,1,3,Life Sciences,1
903,47,No,Travel_Rarely,249,Sales,2,2,Marketing,1
904,37,No,Non-Travel,1252,Sales,19,2,Medical,1
905,50,No,Non-Travel,881,Research & Development,2,4,Life Sciences,1
909,39,No,Travel_Rarely,1383,Human Resources,2,3,Life Sciences,1
910,33,No,Travel_Rarely,1075,Human Resources,3,2,Human Resources,1
911,32,Yes,Travel_Rarely,374,Research & Development,25,4,Life Sciences,1
912,29,No,Travel_Rarely,1086,Research & Development,7,1,Medical,1
913,44,No,Travel_Rarely,661,Research & Development,9,2,Life Sciences,1
916,28,No,Travel_Rarely,821,Sales,5,4,Medical,1
918,58,Yes,Travel_Frequently,781,Research & Development,2,1,Life Sciences,1
920,43,No,Travel_Rarely,177,Research & Development,8,3,Life Sciences,1
922,20,Yes,Travel_Rarely,500,Sales,2,3,Medical,1
923,21,Yes,Travel_Rarely,1427,Research & Development,18,1,Other,1
924,36,No,Travel_Rarely,1425,Research & Development,14,1,Life Sciences,1
925,47,No,Travel_Rarely,1454,Sales,2,4,Life Sciences,1
926,22,Yes,Travel_Rarely,617,Research & Development,3,1,Life Sciences,1
927,41,Yes,Travel_Rarely,1085,Research & Development,2,4,Life Sciences,1
930,28,No,Travel_Rarely,995,Research & Development,9,3,Medical,1
932,39,Yes,Travel_Rarely,1122,Research & Development,6,3,Medical,1
933,27,No,Travel_Rarely,618,Research & Development,4,3,Life Sciences,1
934,34,No,Travel_Rarely,546,Research & Development,10,3,Life Sciences,1
936,42,No,Travel_Rarely,462,Sales,14,2,Medical,1
939,33,No,Travel_Rarely,1198,Research & Development,1,4,Other,1
940,58,No,Travel_Rarely,1272,Research & Development,5,3,Technical Degree,1
941,31,No,Travel_Rarely,154,Sales,7,4,Life Sciences,1
942,35,No,Travel_Rarely,1137,Research & Development,21,1,Life Sciences,1
944,49,No,Travel_Rarely,527,Research & Development,8,2,Other,1
945,48,No,Travel_Rarely,1469,Research & Development,20,4,Medical,1
947,31,No,Non-Travel,1188,Sales,20,2,Marketing,1
949,36,No,Travel_Rarely,188,Research & Development,7,4,Other,1
950,38,No,Travel_Rarely,1333,Research & Development,1,3,Technical Degree,1
951,32,No,Non-Travel,1184,Research & Development,1,3,Life Sciences,1
952,25,Yes,Travel_Rarely,867,Sales,19,2,Marketing,1
954,40,No,Travel_Rarely,658,Sales,10,4,Marketing,1
956,26,No,Travel_Frequently,1283,Sales,1,3,Medical,1
957,41,No,Travel_Rarely,263,Research & Development,6,3,Medical,1
958,36,No,Travel_Rarely,938,Research & Development,2,4,Medical,1
959,19,Yes,Travel_Rarely,419,Sales,21,3,Other,1
960,20,Yes,Travel_Rarely,129,Research & Development,4,3,Technical Degree,1
961,31,No,Travel_Rarely,616,Research & Development,12,3,Medical,1
964,40,No,Travel_Frequently,1469,Research & Development,9,4,Medical,1
966,32,No,Travel_Rarely,498,Research & Development,3,4,Medical,1
967,36,Yes,Travel_Rarely,530,Sales,3,1,Life Sciences,1
969,33,No,Travel_Rarely,1069,Research & Development,1,3,Life Sciences,1
970,37,Yes,Travel_Rarely,625,Sales,1,4,Life Sciences,1
972,45,No,Non-Travel,805,Research & Development,4,2,Life Sciences,1
974,29,No,Travel_Frequently,1404,Sales,20,3,Technical Degree,1
975,35,No,Travel_Rarely,1219,Sales,18,3,Medical,1
976,52,No,Travel_Rarely,1053,Research & Development,1,2,Life Sciences,1
977,58,Yes,Travel_Rarely,289,Research & Development,2,3,Technical Degree,1
981,53,No,Travel_Rarely,1376,Sales,2,2,Medical,1
982,30,No,Travel_Rarely,231,Sales,8,2,Other,1
983,38,No,Non-Travel,152,Sales,10,3,Technical Degree,1
984,35,No,Travel_Rarely,882,Sales,3,4,Life Sciences,1
985,39,No,Travel_Rarely,903,Sales,2,5,Life Sciences,1
986,40,Yes,Non-Travel,1479,Sales,24,3,Life Sciences,1
987,47,No,Travel_Frequently,1379,Research & Development,16,4,Medical,1
990,36,No,Non-Travel,1229,Sales,8,4,Technical Degree,1
991,31,Yes,Non-Travel,335,Research & Development,9,2,Medical,1
992,33,No,Non-Travel,722,Sales,17,3,Life Sciences,1
994,29,Yes,Travel_Rarely,906,Research & Development,10,3,Life Sciences,1
995,33,No,Travel_Rarely,461,Research & Development,13,1,Life Sciences,1
996,45,No,Travel_Rarely,974,Research & Development,1,4,Medical,1
997,50,No,Travel_Rarely,1126,Research & Development,1,2,Medical,1
998,33,No,Travel_Frequently,827,Research & Development,1,4,Other,1
999,41,No,Travel_Frequently,840,Research & Development,9,3,Medical,1
1001,27,No,Travel_Rarely,1134,Research & Development,16,4,Technical Degree,1
1002,45,No,Non-Travel,248,Research & Development,23,2,Life Sciences,1
1003,47,No,Travel_Rarely,955,Sales,4,2,Life Sciences,1
1004,30,Yes,Travel_Rarely,138,Research & Development,22,3,Life Sciences,1
1005,50,No,Travel_Rarely,939,Research & Development,24,3,Life Sciences,1
1006,38,No,Travel_Frequently,1391,Research & Development,10,1,Medical,1
1007,46,No,Travel_Rarely,566,Research & Development,7,2,Medical,1
1009,24,No,Travel_Rarely,1206,Research & Development,17,1,Medical,1
1010,35,Yes,Travel_Rarely,622,Research & Development,14,4,Other,1
1011,31,No,Travel_Frequently,853,Research & Development,1,1,Life Sciences,1
1012,18,No,Non-Travel,287,Research & Development,5,2,Life Sciences,1
1013,54,No,Travel_Rarely,1441,Research & Development,17,3,Technical Degree,1
1014,35,No,Travel_Rarely,583,Research & Development,25,4,Medical,1
1015,30,No,Travel_Rarely,153,Research & Development,8,2,Life Sciences,1
1016,20,Yes,Travel_Rarely,1097,Research & Development,11,3,Medical,1
1017,30,Yes,Travel_Frequently,109,Research & Development,5,3,Medical,1
1018,26,No,Travel_Rarely,1066,Research & Development,2,2,Medical,1
1019,22,No,Travel_Rarely,217,Research & Development,8,1,Life Sciences,1
1022,48,No,Travel_Rarely,277,Research & Development,6,3,Life Sciences,1
1024,48,No,Travel_Rarely,1355,Research & Development,4,4,Life Sciences,1
1025,41,No,Travel_Rarely,549,Research & Development,7,2,Medical,1
1026,39,No,Travel_Rarely,466,Research & Development,1,1,Life Sciences,1
1027,27,No,Travel_Rarely,1055,Research & Development,2,4,Life Sciences,1
1028,35,No,Travel_Rarely,802,Research & Development,10,3,Other,1
1029,42,No,Travel_Rarely,265,Sales,5,2,Marketing,1
1030,50,No,Travel_Rarely,804,Research & Development,9,3,Life Sciences,1
1032,59,No,Travel_Rarely,715,Research & Development,2,3,Life Sciences,1
1033,37,Yes,Travel_Rarely,1141,Research & Development,11,2,Medical,1
1034,55,No,Travel_Frequently,135,Research & Development,18,4,Medical,1
1035,41,No,Non-Travel,247,Research & Development,7,1,Life Sciences,1
1036,38,No,Travel_Rarely,1035,Sales,3,4,Life Sciences,1
1037,26,Yes,Non-Travel,265,Sales,29,2,Medical,1
1038,52,Yes,Travel_Rarely,266,Sales,2,1,Marketing,1
1039,44,No,Travel_Rarely,1448,Sales,28,3,Medical,1
1040,50,No,Non-Travel,145,Sales,1,3,Life Sciences,1
1042,36,Yes,Travel_Rarely,885,Research & Development,16,4,Life Sciences,1
1043,39,No,Travel_Frequently,945,Research & Development,22,3,Medical,1
1044,33,No,Non-Travel,1038,Sales,8,1,Life Sciences,1
1045,45,No,Travel_Rarely,1234,Sales,11,2,Life Sciences,1
1046,32,No,Non-Travel,1109,Research & Development,29,4,Medical,1
1047,34,No,Travel_Rarely,216,Sales,1,4,Marketing,1
1048,59,No,Travel_Rarely,1089,Sales,1,2,Technical Degree,1
1049,45,No,Travel_Rarely,788,Human Resources,24,4,Medical,1
1050,53,No,Travel_Frequently,124,Sales,2,3,Marketing,1
1052,36,Yes,Travel_Rarely,660,Research & Development,15,3,Other,1
1053,26,Yes,Travel_Frequently,342,Research & Development,2,3,Life Sciences,1
1055,34,No,Travel_Rarely,1333,Sales,10,4,Life Sciences,1
1056,28,No,Travel_Rarely,1144,Sales,10,1,Medical,1
1060,38,No,Travel_Frequently,1186,Research & Development,3,4,Other,1
1061,50,No,Travel_Rarely,1464,Research & Development,2,4,Medical,1
1062,37,No,Travel_Rarely,124,Research & Development,3,3,Other,1
1066,40,No,Travel_Rarely,300,Sales,26,3,Marketing,1
1068,26,No,Travel_Frequently,921,Research & Development,1,1,Medical,1
1069,46,No,Travel_Rarely,430,Research & Development,1,4,Medical,1
1070,54,No,Travel_Rarely,1082,Sales,2,4,Life Sciences,1
1071,56,No,Travel_Frequently,1240,Research & Development,9,3,Medical,1
1073,36,No,Travel_Rarely,796,Research & Development,12,5,Medical,1
1074,55,No,Non-Travel,444,Research & Development,2,1,Medical,1
1076,43,No,Travel_Rarely,415,Sales,25,3,Medical,1
1077,20,Yes,Travel_Frequently,769,Sales,9,3,Marketing,1
1079,21,Yes,Travel_Rarely,1334,Research & Development,10,3,Life Sciences,1
1080,46,No,Travel_Rarely,1003,Research & Development,8,4,Life Sciences,1
1081,51,Yes,Travel_Rarely,1323,Research & Development,4,4,Life Sciences,1
1082,28,Yes,Non-Travel,1366,Research & Development,24,2,Technical Degree,1
1083,26,No,Travel_Rarely,192,Research & Development,1,2,Medical,1
1084,30,No,Travel_Rarely,1176,Research & Development,20,3,Other,1
1085,41,No,Travel_Rarely,509,Research & Development,7,2,Technical Degree,1
1088,38,No,Travel_Rarely,330,Research & Development,17,1,Life Sciences,1
1092,40,No,Travel_Rarely,1492,Research & Development,20,4,Technical Degree,1
1094,27,No,Non-Travel,1277,Research & Development,8,5,Life Sciences,1
1096,55,No,Travel_Frequently,1091,Research & Development,2,1,Life Sciences,1
1097,28,No,Travel_Rarely,857,Research & Development,10,3,Other,1
1098,44,Yes,Travel_Rarely,1376,Human Resources,1,2,Medical,1
1099,33,No,Travel_Rarely,654,Research & Development,5,3,Life Sciences,1
1100,35,Yes,Travel_Rarely,1204,Sales,4,3,Technical Degree,1
1101,33,Yes,Travel_Frequently,827,Research & Development,29,4,Medical,1
1102,28,No,Travel_Rarely,895,Research & Development,15,2,Life Sciences,1
1103,34,No,Travel_Frequently,618,Research & Development,3,1,Life Sciences,1
1105,37,No,Travel_Rarely,309,Sales,10,4,Life Sciences,1
1106,25,Yes,Travel_Rarely,1219,Research & Development,4,1,Technical Degree,1
1107,26,Yes,Travel_Rarely,1330,Research & Development,21,3,Medical,1
1108,33,Yes,Travel_Rarely,1017,Research & Development,25,3,Medical,1
1109,42,No,Travel_Rarely,469,Research & Development,2,2,Medical,1
1111,28,Yes,Travel_Frequently,1009,Research & Development,1,3,Medical,1
1113,50,Yes,Travel_Frequently,959,Sales,1,4,Other,1
1114,33,No,Travel_Frequently,970,Sales,7,3,Life Sciences,1
1115,34,No,Non-Travel,697,Research & Development,3,4,Life Sciences,1
1116,48,No,Non-Travel,1262,Research & Development,1,4,Medical,1
1117,45,No,Non-Travel,1050,Sales,9,4,Life Sciences,1
1118,52,No,Travel_Rarely,994,Research & Development,7,4,Life Sciences,1
1119,38,No,Travel_Rarely,770,Sales,10,4,Marketing,1
1120,29,No,Travel_Rarely,1107,Research & Development,28,4,Life Sciences,1
1121,28,No,Travel_Rarely,950,Research & Development,3,3,Medical,1
1124,46,No,Travel_Rarely,406,Sales,3,1,Marketing,1
1125,38,No,Travel_Rarely,130,Sales,2,2,Marketing,1
1126,43,No,Travel_Frequently,1082,Research & Development,27,3,Life Sciences,1
1127,39,Yes,Travel_Frequently,203,Research & Development,2,3,Life Sciences,1
1128,40,No,Travel_Rarely,1308,Research & Development,14,3,Medical,1
1131,21,No,Travel_Rarely,984,Research & Development,1,1,Technical Degree,1
1132,39,No,Non-Travel,439,Research & Development,9,3,Life Sciences,1
1133,36,No,Non-Travel,217,Research & Development,18,4,Life Sciences,1
1135,31,No,Travel_Frequently,793,Sales,20,3,Life Sciences,1
1136,28,No,Travel_Rarely,1451,Research & Development,2,1,Life Sciences,1
1137,35,No,Travel_Frequently,1182,Sales,11,2,Marketing,1
1138,49,No,Travel_Rarely,174,Sales,8,4,Technical Degree,1
1140,34,No,Travel_Frequently,1003,Research & Development,2,2,Life Sciences,1
1143,29,No,Travel_Frequently,490,Research & Development,10,3,Life Sciences,1
1148,42,No,Travel_Rarely,188,Research & Development,29,3,Medical,1
1150,29,No,Travel_Rarely,718,Research & Development,8,1,Medical,1
1152,38,No,Travel_Rarely,433,Human Resources,1,3,Human Resources,1
1154,28,No,Travel_Frequently,773,Research & Development,6,3,Life Sciences,1
1156,18,Yes,Non-Travel,247,Research & Development,8,1,Medical,1
1157,33,Yes,Travel_Rarely,603,Sales,9,4,Marketing,1
1158,41,No,Travel_Rarely,167,Research & Development,12,4,Life Sciences,1
1160,31,Yes,Travel_Frequently,874,Research & Development,15,3,Medical,1
1161,37,No,Travel_Rarely,367,Research & Development,25,2,Medical,1
1162,27,No,Travel_Rarely,199,Research & Development,6,3,Life Sciences,1
1163,34,No,Travel_Rarely,1400,Sales,9,1,Life Sciences,1
1164,35,No,Travel_Rarely,528,Human Resources,8,4,Technical Degree,1
1165,29,Yes,Travel_Rarely,408,Sales,23,1,Life Sciences,1
1166,40,No,Travel_Frequently,593,Research & Development,9,4,Medical,1
1167,42,Yes,Travel_Frequently,481,Sales,12,3,Life Sciences,1
1171,42,No,Travel_Rarely,647,Sales,4,4,Marketing,1
1172,35,No,Travel_Rarely,982,Research & Development,1,4,Medical,1
1173,24,No,Travel_Rarely,477,Research & Development,24,3,Medical,1
1175,28,Yes,Travel_Rarely,1485,Research & Development,12,1,Life Sciences,1
1177,26,No,Travel_Rarely,1384,Research & Development,3,4,Medical,1
1179,30,No,Travel_Rarely,852,Sales,10,3,Marketing,1
1180,40,No,Travel_Frequently,902,Research & Development,26,2,Medical,1
1182,35,No,Travel_Rarely,819,Research & Development,2,3,Life Sciences,1
1184,34,No,Travel_Frequently,669,Research & Development,1,3,Medical,1
1185,35,No,Travel_Frequently,636,Research & Development,4,4,Other,1
1188,43,Yes,Travel_Rarely,1372,Sales,9,3,Marketing,1
1190,32,No,Non-Travel,862,Sales,2,1,Life Sciences,1
1191,56,No,Travel_Rarely,718,Research & Development,4,4,Technical Degree,1
1192,29,No,Travel_Rarely,1401,Research & Development,6,1,Medical,1
1193,19,No,Travel_Rarely,645,Research & Development,9,2,Life Sciences,1
1195,45,No,Travel_Rarely,1457,Research & Development,7,3,Medical,1
1196,37,No,Travel_Rarely,977,Research & Development,1,3,Life Sciences,1
1198,20,No,Travel_Rarely,805,Research & Development,3,3,Life Sciences,1
1200,44,Yes,Travel_Rarely,1097,Research & Development,10,4,Life Sciences,1
1201,53,No,Travel_Rarely,1223,Research & Development,7,2,Medical,1
1202,29,No,Travel_Rarely,942,Research & Development,15,1,Life Sciences,1
1203,22,Yes,Travel_Frequently,1256,Research & Development,3,4,Life Sciences,1
1204,46,No,Travel_Rarely,1402,Sales,2,3,Marketing,1
1206,44,No,Non-Travel,111,Research & Development,17,3,Life Sciences,1
1207,33,No,Travel_Rarely,147,Human Resources,2,3,Human Resources,1
1210,41,Yes,Non-Travel,906,Research & Development,5,2,Life Sciences,1
1211,30,No,Travel_Rarely,1329,Sales,29,4,Life Sciences,1
1212,40,No,Travel_Frequently,1184,Sales,2,4,Medical,1
1215,50,No,Travel_Frequently,1421,Research & Development,2,3,Medical,1
1216,28,No,Travel_Rarely,1179,Research & Development,19,4,Medical,1
1217,46,No,Travel_Rarely,1450,Research & Development,15,2,Life Sciences,1
1218,35,No,Travel_Rarely,1361,Sales,17,4,Life Sciences,1
1219,24,Yes,Travel_Rarely,984,Research & Development,17,2,Life Sciences,1
1220,33,No,Travel_Frequently,1146,Sales,25,3,Medical,1
1221,36,No,Travel_Rarely,917,Research & Development,6,4,Life Sciences,1
1224,30,No,Travel_Rarely,853,Research & Development,7,4,Life Sciences,1
1225,44,No,Travel_Rarely,200,Research & Development,29,4,Other,1
1226,20,No,Travel_Rarely,654,Sales,21,3,Marketing,1
1228,46,No,Travel_Rarely,150,Research & Development,2,4,Technical Degree,1
1231,42,No,Non-Travel,179,Human Resources,2,5,Medical,1
1233,60,No,Travel_Rarely,696,Sales,7,4,Marketing,1
1234,32,No,Travel_Frequently,116,Research & Development,13,3,Other,1
1235,32,No,Travel_Frequently,1316,Research & Development,2,2,Life Sciences,1
1237,36,No,Travel_Rarely,363,Research & Development,1,3,Technical Degree,1
1238,33,No,Travel_Rarely,117,Research & Development,9,3,Medical,1
1239,40,No,Travel_Rarely,107,Sales,10,3,Technical Degree,1
1240,25,No,Travel_Rarely,1356,Sales,10,4,Life Sciences,1
1241,30,No,Travel_Rarely,1465,Research & Development,1,3,Medical,1
1242,42,No,Travel_Frequently,458,Research & Development,26,5,Medical,1
1243,35,No,Non-Travel,1212,Sales,8,2,Marketing,1
1244,27,No,Travel_Rarely,1103,Research & Development,14,3,Life Sciences,1
1245,54,No,Travel_Frequently,966,Research & Development,1,4,Life Sciences,1
1246,44,No,Travel_Rarely,1117,Research & Development,2,1,Life Sciences,1
1248,19,Yes,Non-Travel,504,Research & Development,10,3,Medical,1
1249,29,No,Travel_Rarely,1010,Research & Development,1,3,Life Sciences,1
1250,54,No,Travel_Rarely,685,Research & Development,3,3,Life Sciences,1
1251,31,No,Travel_Rarely,1332,Research & Development,11,2,Medical,1
1252,31,No,Travel_Rarely,1062,Research & Development,24,3,Medical,1
1254,59,No,Travel_Rarely,326,Sales,3,3,Life Sciences,1
1255,43,No,Travel_Rarely,920,Research & Development,3,3,Life Sciences,1
1256,49,No,Travel_Rarely,1098,Research & Development,4,2,Medical,1
1257,36,No,Travel_Frequently,469,Research & Development,3,3,Technical Degree,1
1258,48,No,Travel_Rarely,969,Research & Development,2,2,Technical Degree,1
1259,27,No,Travel_Rarely,1167,Research & Development,4,2,Life Sciences,1
1260,29,No,Travel_Rarely,1329,Research & Development,7,3,Life Sciences,1
1263,48,No,Travel_Rarely,715,Research & Development,1,3,Life Sciences,1
1264,29,No,Travel_Rarely,694,Research & Development,1,3,Life Sciences,1
1265,34,No,Travel_Rarely,1320,Research & Development,20,3,Technical Degree,1
1267,44,No,Travel_Rarely,1099,Sales,5,3,Marketing,1
1268,33,No,Travel_Rarely,536,Sales,10,5,Marketing,1
1269,19,No,Travel_Rarely,265,Research & Development,25,3,Life Sciences,1
1270,23,No,Travel_Rarely,373,Research & Development,1,2,Life Sciences,1
1273,25,Yes,Travel_Frequently,599,Sales,24,1,Life Sciences,1
1275,26,No,Travel_Rarely,583,Research & Development,4,2,Life Sciences,1
1277,45,Yes,Travel_Rarely,1449,Sales,2,3,Marketing,1
1278,55,No,Non-Travel,177,Research & Development,8,1,Medical,1
1279,21,Yes,Travel_Frequently,251,Research & Development,10,2,Life Sciences,1
1280,46,No,Travel_Rarely,168,Sales,4,2,Marketing,1
1281,34,No,Travel_Rarely,131,Sales,2,3,Marketing,1
1282,51,No,Travel_Frequently,237,Sales,9,3,Life Sciences,1
1283,59,No,Travel_Rarely,1429,Research & Development,18,4,Medical,1
1285,34,No,Travel_Frequently,135,Research & Development,19,3,Medical,1
1286,28,No,Travel_Frequently,791,Research & Development,1,4,Medical,1
1288,44,No,Travel_Rarely,1199,Research & Development,4,2,Life Sciences,1
1289,34,No,Travel_Frequently,648,Human Resources,11,3,Life Sciences,1
1291,35,No,Travel_Rarely,735,Research & Development,6,1,Life Sciences,1
1292,42,No,Travel_Rarely,603,Research & Development,7,4,Medical,1
1293,43,No,Travel_Rarely,531,Sales,4,4,Marketing,1
1294,36,No,Travel_Rarely,429,Research & Development,2,4,Life Sciences,1
1295,44,Yes,Travel_Rarely,621,Research & Development,15,3,Medical,1
1296,28,No,Travel_Frequently,193,Research & Development,2,3,Life Sciences,1
1297,51,No,Travel_Frequently,968,Research & Development,6,2,Medical,1
1298,30,No,Non-Travel,879,Research & Development,9,2,Medical,1
1299,29,Yes,Travel_Rarely,806,Research & Development,7,3,Technical Degree,1
1301,28,No,Travel_Rarely,640,Research & Development,1,3,Technical Degree,1
1303,25,No,Travel_Rarely,266,Research & Development,1,3,Medical,1
1304,32,No,Travel_Rarely,604,Sales,8,3,Medical,1
1306,45,No,Travel_Frequently,364,Research & Development,25,3,Medical,1
1307,39,No,Travel_Rarely,412,Research & Development,13,4,Medical,1
1308,58,No,Travel_Rarely,848,Research & Development,23,4,Life Sciences,1
1309,32,Yes,Travel_Rarely,1089,Research & Development,7,2,Life Sciences,1
1310,39,Yes,Travel_Rarely,360,Research & Development,23,3,Medical,1
1311,30,No,Travel_Rarely,1138,Research & Development,6,3,Technical Degree,1
1312,36,No,Travel_Rarely,325,Research & Development,10,4,Technical Degree,1
1314,46,No,Travel_Rarely,991,Human Resources,1,2,Life Sciences,1
1315,28,No,Non-Travel,1476,Research & Development,1,3,Life Sciences,1
1317,50,No,Travel_Rarely,1322,Research & Development,28,3,Life Sciences,1
1318,40,Yes,Travel_Rarely,299,Sales,25,4,Marketing,1
1319,52,Yes,Travel_Rarely,1030,Sales,5,3,Life Sciences,1
1321,30,No,Travel_Rarely,634,Research & Development,17,4,Medical,1
1322,39,No,Travel_Rarely,524,Research & Development,18,2,Life Sciences,1
1324,31,No,Non-Travel,587,Sales,2,4,Life Sciences,1
1329,41,No,Non-Travel,256,Sales,10,2,Medical,1
1331,31,Yes,Travel_Frequently,1060,Sales,1,3,Life Sciences,1
1333,44,Yes,Travel_Rarely,935,Research & Development,3,3,Life Sciences,1
1334,42,No,Non-Travel,495,Research & Development,2,1,Life Sciences,1
1336,55,No,Travel_Rarely,282,Research & Development,2,2,Medical,1
1338,56,No,Travel_Rarely,206,Human Resources,8,4,Life Sciences,1
1340,40,No,Non-Travel,458,Research & Development,16,2,Life Sciences,1
1344,34,No,Travel_Rarely,943,Research & Development,9,3,Life Sciences,1
1346,40,No,Travel_Rarely,523,Research & Development,2,3,Life Sciences,1
1349,41,No,Travel_Frequently,1018,Sales,1,3,Marketing,1
1350,35,No,Travel_Frequently,482,Research & Development,4,4,Life Sciences,1
1352,51,No,Travel_Rarely,770,Human Resources,5,3,Life Sciences,1
1355,38,No,Travel_Rarely,1009,Sales,2,2,Life Sciences,1
1356,34,No,Travel_Rarely,507,Sales,15,2,Medical,1
1358,25,No,Travel_Rarely,882,Research & Development,19,1,Medical,1
1360,58,Yes,Travel_Rarely,601,Research & Development,7,4,Medical,1
1361,40,No,Travel_Rarely,329,Research & Development,1,4,Life Sciences,1
1362,36,No,Travel_Frequently,607,Sales,7,3,Marketing,1
1363,48,No,Travel_Rarely,855,Research & Development,4,3,Life Sciences,1
1364,27,No,Travel_Rarely,1291,Sales,11,3,Medical,1
1367,51,No,Travel_Rarely,1405,Research & Development,11,2,Technical Degree,1
1368,18,No,Non-Travel,1124,Research & Development,1,3,Life Sciences,1
1369,35,No,Travel_Rarely,817,Research & Development,1,3,Medical,1
1371,27,No,Travel_Frequently,793,Sales,2,1,Life Sciences,1
1372,55,Yes,Travel_Rarely,267,Sales,13,4,Marketing,1
1373,56,No,Travel_Rarely,1369,Research & Development,23,3,Life Sciences,1
1374,34,No,Non-Travel,999,Research & Development,26,1,Technical Degree,1
1375,40,No,Travel_Rarely,1202,Research & Development,2,1,Medical,1
1377,34,No,Travel_Rarely,285,Research & Development,29,3,Medical,1
1379,31,Yes,Travel_Frequently,703,Sales,2,3,Life Sciences,1
1380,35,Yes,Travel_Frequently,662,Sales,18,4,Marketing,1
1382,38,No,Travel_Frequently,693,Research & Development,7,3,Life Sciences,1
1383,34,No,Travel_Rarely,404,Research & Development,2,4,Technical Degree,1
1387,28,No,Travel_Rarely,736,Sales,26,3,Life Sciences,1
1389,31,Yes,Travel_Rarely,330,Research & Development,22,4,Medical,1
1390,39,No,Travel_Rarely,1498,Sales,21,4,Life Sciences,1
1391,51,No,Travel_Frequently,541,Sales,2,3,Marketing,1
1392,41,No,Travel_Frequently,1200,Research & Development,22,3,Life Sciences,1
1394,37,No,Travel_Rarely,1439,Research & Development,4,1,Life Sciences,1
1395,33,No,Travel_Frequently,1111,Sales,5,1,Life Sciences,1
1396,32,No,Travel_Rarely,499,Sales,2,1,Marketing,1
1397,39,No,Non-Travel,1485,Research & Development,25,2,Life Sciences,1
1399,25,No,Travel_Rarely,1372,Sales,18,1,Life Sciences,1
1401,52,No,Travel_Frequently,322,Research & Development,28,2,Medical,1
1402,43,No,Travel_Rarely,930,Research & Development,6,3,Medical,1
1403,27,No,Travel_Rarely,205,Sales,10,3,Marketing,1
1405,27,Yes,Travel_Rarely,135,Research & Development,17,4,Life Sciences,1
1407,26,No,Travel_Rarely,683,Research & Development,2,1,Medical,1
1408,42,No,Travel_Rarely,1147,Human Resources,10,3,Human Resources,1
1409,52,No,Travel_Rarely,258,Research & Development,8,4,Other,1
1411,37,No,Travel_Rarely,1462,Research & Development,11,3,Medical,1
1412,35,No,Travel_Frequently,200,Research & Development,18,2,Life Sciences,1
1415,25,No,Travel_Rarely,949,Research & Development,1,3,Technical Degree,1
1417,26,No,Travel_Rarely,652,Research & Development,7,3,Other,1
1419,29,No,Travel_Rarely,332,Human Resources,17,3,Other,1
1420,49,Yes,Travel_Frequently,1475,Research & Development,28,2,Life Sciences,1
1421,29,Yes,Travel_Frequently,337,Research & Development,14,1,Other,1
1422,54,No,Travel_Rarely,971,Research & Development,1,3,Medical,1
1423,58,No,Travel_Rarely,1055,Research & Development,1,3,Medical,1
1424,55,No,Travel_Rarely,1136,Research & Development,1,4,Medical,1
1425,36,No,Travel_Rarely,1174,Sales,3,4,Marketing,1
1427,31,Yes,Travel_Frequently,667,Sales,1,4,Life Sciences,1
1428,30,No,Travel_Rarely,855,Sales,7,4,Marketing,1
1430,31,No,Travel_Rarely,182,Research & Development,8,5,Life Sciences,1
1431,34,No,Travel_Frequently,560,Research & Development,1,4,Other,1
1433,31,Yes,Travel_Rarely,202,Research & Development,8,3,Life Sciences,1
1434,27,No,Travel_Rarely,1377,Research & Development,11,1,Life Sciences,1
1435,36,No,Travel_Rarely,172,Research & Development,4,4,Life Sciences,1
1436,36,No,Travel_Rarely,329,Sales,16,4,Marketing,1
1438,47,No,Travel_Rarely,465,Research & Development,1,3,Technical Degree,1
1439,25,Yes,Travel_Rarely,383,Sales,9,2,Life Sciences,1
1440,37,No,Non-Travel,1413,Research & Development,5,2,Technical Degree,1
1441,56,No,Travel_Rarely,1255,Research & Development,1,2,Life Sciences,1
1443,47,No,Travel_Rarely,359,Research & Development,2,4,Medical,1
1445,24,No,Travel_Rarely,1476,Sales,4,1,Medical,1
1446,32,No,Travel_Rarely,601,Sales,7,5,Marketing,1
1447,34,No,Travel_Rarely,401,Research & Development,1,3,Life Sciences,1
1448,41,No,Travel_Rarely,1283,Research & Development,5,5,Medical,1
1449,40,No,Non-Travel,663,Research & Development,9,4,Other,1
1453,31,No,Travel_Rarely,326,Sales,8,2,Life Sciences,1
1457,46,Yes,Travel_Rarely,377,Sales,9,3,Marketing,1
1458,39,Yes,Non-Travel,592,Research & Development,2,3,Life Sciences,1
1459,31,Yes,Travel_Frequently,1445,Research & Development,1,5,Life Sciences,1
1460,45,No,Travel_Rarely,1038,Research & Development,20,3,Medical,1
1461,31,No,Travel_Rarely,1398,Human Resources,8,2,Medical,1
1464,31,Yes,Travel_Frequently,523,Research & Development,2,3,Life Sciences,1
1465,45,No,Travel_Rarely,1448,Research & Development,29,3,Technical Degree,1
1466,48,No,Travel_Rarely,1221,Sales,7,3,Marketing,1
1467,34,Yes,Travel_Rarely,1107,Human Resources,9,4,Technical Degree,1
1468,40,No,Non-Travel,218,Research & Development,8,1,Medical,1
1469,28,No,Travel_Rarely,866,Sales,5,3,Medical,1
1471,44,No,Non-Travel,981,Research & Development,5,3,Life Sciences,1
1472,53,No,Travel_Rarely,447,Research & Development,2,3,Medical,1
1473,49,No,Travel_Rarely,1495,Research & Development,5,4,Technical Degree,1
1474,40,No,Travel_Rarely,896,Research & Development,2,3,Medical,1
1475,44,No,Travel_Rarely,1467,Research & Development,20,3,Life Sciences,1
1477,33,No,Travel_Frequently,430,Sales,7,3,Medical,1
1478,34,No,Travel_Rarely,1326,Sales,3,3,Other,1
1479,30,No,Travel_Rarely,1358,Sales,16,1,Life Sciences,1
1480,42,No,Travel_Frequently,748,Research & Development,9,2,Medical,1
1481,44,No,Travel_Frequently,383,Sales,1,5,Marketing,1
1482,30,No,Non-Travel,990,Research & Development,7,3,Technical Degree,1
1483,57,No,Travel_Rarely,405,Research & Development,1,2,Life Sciences,1
1484,49,No,Travel_Rarely,1490,Research & Development,7,4,Life Sciences,1
1485,34,No,Travel_Frequently,829,Research & Development,15,3,Medical,1
1486,28,Yes,Travel_Frequently,1496,Sales,1,3,Technical Degree,1
1487,29,Yes,Travel_Frequently,115,Sales,13,3,Technical Degree,1
1489,34,Yes,Travel_Rarely,790,Sales,24,4,Medical,1
1492,35,No,Travel_Rarely,660,Sales,7,1,Life Sciences,1
1494,24,Yes,Travel_Frequently,381,Research & Development,9,3,Medical,1
1495,24,No,Non-Travel,830,Sales,13,2,Life Sciences,1
1496,44,No,Travel_Frequently,1193,Research & Development,2,1,Medical,1
1497,29,No,Travel_Rarely,1246,Sales,19,3,Life Sciences,1
1499,30,No,Travel_Rarely,330,Human Resources,1,3,Life Sciences,1
1501,55,No,Travel_Rarely,1229,Research & Development,4,4,Life Sciences,1
1502,33,No,Travel_Rarely,1099,Research & Development,4,4,Medical,1
1503,47,No,Travel_Rarely,571,Sales,14,3,Medical,1
1504,28,Yes,Travel_Frequently,289,Research & Development,2,2,Medical,1
1506,28,No,Travel_Rarely,1423,Research & Development,1,3,Life Sciences,1
1507,28,No,Travel_Frequently,467,Sales,7,3,Life Sciences,1
1509,49,No,Travel_Rarely,271,Research & Development,3,2,Medical,1
1513,29,No,Travel_Frequently,410,Research & Development,2,1,Life Sciences,1
1514,28,No,Travel_Rarely,1083,Research & Development,29,1,Life Sciences,1
1515,33,No,Travel_Rarely,516,Research & Development,8,5,Life Sciences,1
1516,32,No,Travel_Rarely,495,Research & Development,10,3,Medical,1
1520,54,No,Travel_Frequently,1050,Research & Development,11,4,Medical,1
1522,29,Yes,Travel_Rarely,224,Research & Development,1,4,Technical Degree,1
1523,44,No,Travel_Rarely,136,Research & Development,28,3,Life Sciences,1
1525,39,No,Travel_Rarely,1089,Research & Development,6,3,Life Sciences,1
1527,46,No,Travel_Rarely,228,Sales,3,3,Life Sciences,1
1529,35,No,Travel_Rarely,1029,Research & Development,16,3,Life Sciences,1
1533,23,No,Travel_Rarely,507,Research & Development,20,1,Life Sciences,1
1534,40,Yes,Travel_Rarely,676,Research & Development,9,4,Life Sciences,1
1535,34,No,Travel_Rarely,971,Sales,1,3,Technical Degree,1
1537,31,Yes,Travel_Frequently,561,Research & Development,3,3,Life Sciences,1
1539,50,No,Travel_Frequently,333,Research & Development,22,5,Medical,1
1541,34,No,Travel_Rarely,1440,Sales,7,2,Technical Degree,1
1542,42,No,Travel_Rarely,1210,Research & Development,2,3,Medical,1
1543,37,No,Travel_Rarely,674,Research & Development,13,3,Medical,1
1544,29,No,Travel_Rarely,441,Research & Development,8,1,Other,1
1545,33,No,Travel_Rarely,575,Research & Development,25,3,Life Sciences,1
1546,45,No,Travel_Rarely,950,Research & Development,28,3,Technical Degree,1
1547,42,No,Travel_Frequently,288,Research & Development,2,3,Life Sciences,1
1548,40,No,Travel_Rarely,1342,Sales,9,2,Medical,1
1549,33,No,Travel_Rarely,589,Research & Development,28,4,Life Sciences,1
1550,40,No,Travel_Rarely,898,Human Resources,6,2,Medical,1
1551,24,No,Travel_Rarely,350,Research & Development,21,2,Technical Degree,1
1552,40,No,Non-Travel,1142,Research & Development,8,2,Life Sciences,1
1553,45,No,Travel_Rarely,538,Research & Development,1,4,Technical Degree,1
1554,35,No,Travel_Rarely,1402,Sales,28,4,Life Sciences,1
1555,32,No,Travel_Rarely,824,Research & Development,5,2,Life Sciences,1
1556,36,No,Travel_Rarely,1157,Sales,2,4,Life Sciences,1
1557,48,No,Travel_Rarely,492,Sales,16,4,Life Sciences,1
1558,29,No,Travel_Rarely,598,Research & Development,9,3,Life Sciences,1
1560,33,No,Travel_Rarely,1242,Sales,8,4,Life Sciences,1
1562,30,Yes,Travel_Rarely,740,Sales,1,3,Life Sciences,1
1563,38,No,Travel_Frequently,888,Human Resources,10,4,Human Resources,1
1564,35,No,Travel_Rarely,992,Research & Development,1,3,Medical,1
1568,30,No,Travel_Rarely,1288,Sales,29,4,Technical Degree,1
1569,35,Yes,Travel_Rarely,104,Research & Development,2,3,Life Sciences,1
1572,53,Yes,Travel_Rarely,607,Research & Development,2,5,Technical Degree,1
1573,38,Yes,Travel_Rarely,903,Research & Development,2,3,Medical,1
1574,32,No,Non-Travel,1200,Research & Development,1,4,Technical Degree,1
1576,48,No,Travel_Rarely,1108,Research & Development,15,4,Other,1
1577,34,No,Travel_Rarely,479,Research & Development,7,4,Medical,1
1578,55,No,Travel_Rarely,685,Sales,26,5,Marketing,1
1580,34,No,Travel_Rarely,1351,Research & Development,1,4,Life Sciences,1
1581,26,No,Travel_Rarely,474,Research & Development,3,3,Life Sciences,1
1582,38,No,Travel_Rarely,1245,Sales,14,3,Life Sciences,1
1583,38,No,Travel_Rarely,437,Sales,16,3,Life Sciences,1
1585,36,No,Travel_Rarely,884,Sales,1,4,Life Sciences,1
1586,29,No,Travel_Rarely,1370,Research & Development,3,1,Medical,1
1587,35,No,Travel_Rarely,670,Research & Development,10,4,Medical,1
1588,39,No,Travel_Rarely,1462,Sales,6,3,Medical,1
1590,29,No,Travel_Frequently,995,Research & Development,2,1,Life Sciences,1
1591,50,No,Travel_Rarely,264,Sales,9,3,Marketing,1
1592,23,No,Travel_Rarely,977,Research & Development,10,3,Technical Degree,1
1594,36,No,Travel_Frequently,1302,Research & Development,6,4,Life Sciences,1
1595,42,No,Travel_Rarely,1059,Research & Development,9,2,Other,1
1596,35,No,Travel_Rarely,750,Research & Development,28,3,Life Sciences,1
1597,34,No,Travel_Frequently,653,Research & Development,10,4,Technical Degree,1
1598,40,No,Travel_Rarely,118,Sales,14,2,Life Sciences,1
1599,43,No,Travel_Rarely,990,Research & Development,27,3,Technical Degree,1
1601,35,No,Travel_Rarely,1349,Research & Development,7,2,Life Sciences,1
1602,46,No,Travel_Rarely,563,Sales,1,4,Life Sciences,1
1604,28,Yes,Travel_Rarely,329,Research & Development,24,3,Medical,1
1605,22,No,Non-Travel,457,Research & Development,26,2,Other,1
1606,50,No,Travel_Frequently,1234,Research & Development,20,5,Medical,1
1607,32,No,Travel_Rarely,634,Research & Development,5,4,Other,1
1608,44,No,Travel_Rarely,1313,Research & Development,7,3,Medical,1
1609,30,No,Travel_Rarely,241,Research & Development,7,3,Medical,1
1611,45,No,Travel_Rarely,1015,Research & Development,5,5,Medical,1
1612,45,No,Non-Travel,336,Sales,26,3,Marketing,1
1613,31,No,Travel_Frequently,715,Sales,2,4,Other,1
1614,36,No,Travel_Rarely,559,Research & Development,12,4,Life Sciences,1
1615,34,No,Travel_Frequently,426,Research & Development,10,4,Life Sciences,1
1617,49,No,Travel_Rarely,722,Research & Development,25,4,Life Sciences,1
1618,39,No,Travel_Rarely,1387,Research & Development,10,5,Medical,1
1619,27,No,Travel_Rarely,1302,Research & Development,19,3,Other,1
1621,35,No,Travel_Rarely,819,Research & Development,18,5,Life Sciences,1
1622,28,No,Travel_Rarely,580,Research & Development,27,3,Medical,1
1623,21,No,Travel_Rarely,546,Research & Development,5,1,Medical,1
1624,18,Yes,Travel_Frequently,544,Sales,3,2,Medical,1
1625,47,No,Travel_Rarely,1176,Human Resources,26,4,Life Sciences,1
1627,39,No,Travel_Rarely,170,Research & Development,3,2,Medical,1
1628,40,No,Travel_Rarely,884,Research & Development,15,3,Life Sciences,1
1630,35,No,Non-Travel,208,Research & Development,8,4,Life Sciences,1
1631,37,No,Travel_Rarely,671,Research & Development,19,3,Life Sciences,1
1633,39,No,Travel_Frequently,711,Research & Development,4,3,Medical,1
1635,45,No,Travel_Rarely,1329,Research & Development,2,2,Other,1
1638,38,No,Travel_Rarely,397,Research & Development,2,2,Medical,1
1639,35,Yes,Travel_Rarely,737,Sales,10,3,Medical,1
1640,37,No,Travel_Rarely,1470,Research & Development,10,3,Medical,1
1641,40,No,Travel_Rarely,448,Research & Development,16,3,Life Sciences,1
1642,44,No,Travel_Frequently,602,Human Resources,1,5,Human Resources,1
1644,48,No,Travel_Frequently,365,Research & Development,4,5,Medical,1
1645,35,Yes,Travel_Rarely,763,Sales,15,2,Medical,1
1646,24,No,Travel_Frequently,567,Research & Development,2,1,Technical Degree,1
1647,27,No,Travel_Rarely,486,Research & Development,8,3,Medical,1
1648,27,No,Travel_Frequently,591,Research & Development,2,3,Medical,1
1649,40,Yes,Travel_Rarely,1329,Research & Development,7,3,Life Sciences,1
1650,29,No,Travel_Rarely,469,Sales,10,3,Medical,1
1651,36,No,Travel_Rarely,711,Research & Development,5,4,Life Sciences,1
1653,25,No,Travel_Frequently,772,Research & Development,2,1,Life Sciences,1
1654,39,No,Travel_Rarely,492,Research & Development,12,3,Medical,1
1655,49,No,Travel_Rarely,301,Research & Development,22,4,Other,1
1656,50,No,Travel_Rarely,813,Research & Development,17,5,Life Sciences,1
1657,20,No,Travel_Rarely,1141,Sales,2,3,Medical,1
1658,34,No,Travel_Rarely,1130,Research & Development,3,3,Life Sciences,1
1659,36,No,Travel_Rarely,311,Research & Development,7,3,Life Sciences,1
1661,49,No,Travel_Rarely,465,Research & Development,6,1,Life Sciences,1
1662,36,No,Non-Travel,894,Research & Development,1,4,Medical,1
1664,36,No,Travel_Rarely,1040,Research & Development,3,2,Life Sciences,1
1665,54,No,Travel_Rarely,584,Research & Development,22,5,Medical,1
1666,43,No,Travel_Rarely,1291,Research & Development,15,2,Life Sciences,1
1667,35,Yes,Travel_Frequently,880,Sales,12,4,Other,1
1668,38,No,Travel_Frequently,1189,Research & Development,1,3,Life Sciences,1
1669,29,No,Travel_Rarely,991,Sales,5,3,Medical,1
1670,33,No,Travel_Rarely,392,Sales,2,4,Medical,1
1671,32,No,Travel_Rarely,977,Research & Development,2,3,Medical,1
1673,31,No,Travel_Rarely,1112,Sales,5,4,Life Sciences,1
1674,49,No,Travel_Rarely,464,Research & Development,16,3,Medical,1
1675,38,No,Travel_Frequently,148,Research & Development,2,3,Medical,1
1676,47,No,Travel_Rarely,1225,Sales,2,4,Life Sciences,1
1677,49,No,Travel_Rarely,809,Research & Development,1,3,Life Sciences,1
1678,41,No,Travel_Rarely,1206,Sales,23,2,Life Sciences,1
1680,20,No,Travel_Rarely,727,Sales,9,1,Life Sciences,1
1681,33,No,Non-Travel,530,Sales,16,3,Life Sciences,1
1682,36,No,Travel_Rarely,1351,Research & Development,26,4,Life Sciences,1
1683,44,No,Travel_Rarely,528,Human Resources,1,3,Life Sciences,1
1684,23,Yes,Travel_Rarely,1320,Research & Development,8,1,Medical,1
1687,38,No,Travel_Rarely,1495,Research & Development,4,2,Medical,1
1689,53,No,Travel_Rarely,1395,Research & Development,24,4,Medical,1
1691,48,Yes,Travel_Frequently,708,Sales,7,2,Medical,1
1692,32,Yes,Travel_Rarely,1259,Research & Development,2,4,Life Sciences,1
1693,26,No,Non-Travel,786,Research & Development,7,3,Medical,1
1694,55,No,Travel_Rarely,1441,Research & Development,22,3,Technical Degree,1
1696,34,No,Travel_Rarely,1157,Research & Development,5,2,Medical,1
1697,60,No,Travel_Rarely,370,Research & Development,1,4,Medical,1
1698,33,No,Travel_Rarely,267,Research & Development,21,3,Medical,1
1700,37,No,Travel_Frequently,1278,Sales,1,4,Medical,1
1701,34,No,Travel_Rarely,678,Research & Development,19,3,Life Sciences,1
1702,23,Yes,Travel_Rarely,427,Sales,7,3,Life Sciences,1
1703,44,No,Travel_Rarely,921,Research & Development,2,3,Life Sciences,1
1704,35,No,Travel_Frequently,146,Research & Development,2,4,Medical,1
1706,43,No,Travel_Rarely,1179,Sales,2,3,Medical,1
1707,24,No,Travel_Rarely,581,Research & Development,9,3,Medical,1
1708,41,No,Travel_Rarely,918,Sales,6,3,Marketing,1
1709,29,No,Travel_Rarely,1082,Research & Development,9,4,Medical,1
1710,36,No,Travel_Rarely,530,Sales,2,4,Life Sciences,1
1712,45,No,Non-Travel,1238,Research & Development,1,1,Life Sciences,1
1714,24,Yes,Travel_Rarely,240,Human Resources,22,1,Human Resources,1
1716,47,Yes,Travel_Frequently,1093,Sales,9,3,Life Sciences,1
1718,26,No,Travel_Rarely,390,Research & Development,17,4,Medical,1
1719,45,No,Travel_Rarely,1005,Research & Development,28,2,Technical Degree,1
1720,32,No,Travel_Frequently,585,Research & Development,10,3,Life Sciences,1
1721,31,No,Travel_Rarely,741,Research & Development,2,4,Life Sciences,1
1722,41,No,Non-Travel,552,Human Resources,4,3,Human Resources,1
1724,40,No,Travel_Rarely,369,Research & Development,8,2,Life Sciences,1
1725,24,No,Travel_Rarely,506,Research & Development,29,1,Medical,1
1727,46,No,Travel_Rarely,717,Research & Development,13,4,Life Sciences,1
1728,35,No,Travel_Rarely,1370,Research & Development,27,4,Life Sciences,1
1729,30,No,Travel_Rarely,793,Research & Development,16,1,Life Sciences,1
1731,47,No,Non-Travel,543,Sales,2,4,Marketing,1
1732,46,No,Travel_Rarely,1277,Sales,2,3,Life Sciences,1
1733,36,Yes,Travel_Rarely,1456,Sales,13,5,Marketing,1
1734,32,Yes,Travel_Rarely,964,Sales,1,2,Life Sciences,1
1735,23,No,Travel_Rarely,160,Research & Development,4,1,Medical,1
1736,31,No,Travel_Frequently,163,Research & Development,24,1,Technical Degree,1
1737,39,No,Non-Travel,792,Research & Development,1,3,Life Sciences,1
1739,32,No,Travel_Rarely,371,Sales,19,3,Life Sciences,1
1740,40,No,Travel_Rarely,611,Sales,7,4,Medical,1
1744,45,No,Travel_Rarely,176,Human Resources,4,3,Life Sciences,1
1745,30,No,Travel_Frequently,1312,Research & Development,2,4,Technical Degree,1
1746,24,No,Travel_Frequently,897,Human Resources,10,3,Medical,1
1747,30,Yes,Travel_Frequently,600,Human Resources,8,3,Human Resources,1
1749,31,No,Travel_Rarely,1003,Sales,5,3,Technical Degree,1
1751,27,No,Travel_Rarely,1054,Research & Development,8,3,Medical,1
1752,29,Yes,Travel_Rarely,428,Sales,9,3,Marketing,1
1753,29,No,Travel_Frequently,461,Research & Development,1,3,Life Sciences,1
1754,30,No,Travel_Rarely,979,Sales,15,2,Marketing,1
1755,34,No,Travel_Rarely,181,Research & Development,2,4,Medical,1
1756,33,No,Non-Travel,1283,Sales,2,3,Marketing,1
1757,49,No,Travel_Rarely,1313,Sales,11,4,Marketing,1
1758,33,Yes,Travel_Rarely,211,Sales,16,3,Life Sciences,1
1760,38,No,Travel_Frequently,594,Research & Development,2,2,Medical,1
1761,31,Yes,Travel_Rarely,1079,Sales,16,4,Marketing,1
1762,29,No,Travel_Rarely,590,Research & Development,4,3,Technical Degree,1
1763,30,No,Travel_Rarely,305,Research & Development,16,3,Life Sciences,1
1764,32,No,Non-Travel,953,Research & Development,5,4,Technical Degree,1
1766,38,No,Travel_Rarely,833,Research & Development,18,3,Medical,1
1767,43,Yes,Travel_Frequently,807,Research & Development,17,3,Technical Degree,1
1768,42,No,Travel_Rarely,855,Research & Development,12,3,Medical,1
1770,55,No,Travel_Rarely,478,Research & Development,2,3,Medical,1
1771,33,No,Non-Travel,775,Research & Development,4,3,Technical Degree,1
1772,41,No,Travel_Rarely,548,Research & Development,9,4,Life Sciences,1
1774,34,No,Non-Travel,1375,Sales,10,3,Life Sciences,1
1775,53,No,Non-Travel,661,Research & Development,1,4,Medical,1
1778,43,No,Travel_Rarely,244,Human Resources,2,3,Life Sciences,1
1779,34,No,Travel_Rarely,511,Sales,3,2,Life Sciences,1
1780,21,Yes,Travel_Rarely,337,Sales,7,1,Marketing,1
1782,38,No,Travel_Rarely,1153,Research & Development,6,2,Other,1
1783,22,Yes,Travel_Rarely,1294,Research & Development,8,1,Medical,1
1784,31,No,Travel_Rarely,196,Sales,29,4,Marketing,1
1786,51,No,Travel_Rarely,942,Research & Development,3,3,Technical Degree,1
1787,37,No,Travel_Rarely,589,Sales,9,2,Marketing,1
1789,46,No,Travel_Rarely,734,Research & Development,2,4,Medical,1
1790,36,No,Travel_Rarely,1383,Research & Development,10,3,Life Sciences,1
1792,44,Yes,Travel_Frequently,429,Research & Development,1,2,Medical,1
1794,37,No,Travel_Rarely,1239,Human Resources,8,2,Other,1
1797,35,Yes,Travel_Rarely,303,Sales,27,3,Life Sciences,1
1798,33,No,Travel_Rarely,867,Research & Development,8,4,Life Sciences,1
1799,28,No,Travel_Rarely,1181,Research & Development,1,3,Life Sciences,1
1800,39,No,Travel_Rarely,1253,Research & Development,10,1,Medical,1
1801,46,No,Non-Travel,849,Sales,26,2,Life Sciences,1
1802,40,No,Travel_Rarely,616,Research & Development,2,2,Life Sciences,1
1803,42,No,Travel_Rarely,1128,Research & Development,13,3,Medical,1
1804,35,No,Non-Travel,1180,Research & Development,2,2,Medical,1
1805,38,No,Non-Travel,1336,Human Resources,2,3,Human Resources,1
1807,34,Yes,Travel_Frequently,234,Research & Development,9,4,Life Sciences,1
1809,37,Yes,Travel_Rarely,370,Research & Development,10,4,Medical,1
1812,39,No,Travel_Frequently,766,Sales,20,3,Life Sciences,1
1813,43,No,Non-Travel,343,Research & Development,9,3,Life Sciences,1
1814,41,No,Travel_Rarely,447,Research & Development,5,3,Life Sciences,1
1815,41,No,Travel_Rarely,796,Sales,4,1,Marketing,1
1816,30,No,Travel_Rarely,1092,Research & Development,10,3,Medical,1
1818,26,Yes,Travel_Rarely,920,Human Resources,20,2,Medical,1
1821,46,Yes,Travel_Rarely,261,Research & Development,21,2,Medical,1
1822,40,No,Travel_Rarely,1194,Research & Development,1,3,Life Sciences,1
1823,34,No,Travel_Rarely,810,Sales,8,2,Technical Degree,1
1824,58,No,Non-Travel,350,Sales,2,3,Medical,1
1826,35,No,Travel_Rarely,185,Research & Development,23,4,Medical,1
1827,47,No,Travel_Rarely,1001,Research & Development,4,3,Life Sciences,1
1829,40,No,Travel_Rarely,750,Research & Development,12,3,Life Sciences,1
1830,54,No,Travel_Rarely,431,Research & Development,7,4,Medical,1
1833,31,No,Travel_Frequently,1125,Sales,7,4,Marketing,1
1834,28,No,Travel_Rarely,1217,Research & Development,1,3,Medical,1
1835,38,No,Travel_Rarely,723,Sales,2,4,Marketing,1
1836,26,No,Travel_Rarely,572,Sales,10,3,Medical,1
1837,58,No,Travel_Frequently,1216,Research & Development,15,4,Life Sciences,1
1839,18,No,Non-Travel,1431,Research & Development,14,3,Medical,1
1842,31,Yes,Travel_Rarely,359,Human Resources,18,5,Human Resources,1
1844,29,Yes,Travel_Rarely,350,Human Resources,13,3,Human Resources,1
1845,45,No,Non-Travel,589,Sales,2,4,Life Sciences,1
1847,36,No,Travel_Rarely,430,Research & Development,2,4,Other,1
1849,43,No,Travel_Frequently,1422,Sales,2,4,Life Sciences,1
1850,27,No,Travel_Frequently,1297,Research & Development,5,2,Life Sciences,1
1852,29,No,Travel_Frequently,574,Research & Development,20,1,Medical,1
1853,32,No,Travel_Frequently,1318,Sales,10,4,Marketing,1
1854,42,No,Non-Travel,355,Research & Development,10,4,Technical Degree,1
1856,47,No,Travel_Rarely,207,Research & Development,9,4,Life Sciences,1
1857,46,No,Travel_Rarely,706,Research & Development,2,2,Life Sciences,1
1858,28,No,Non-Travel,280,Human Resources,1,2,Life Sciences,1
1859,29,No,Travel_Rarely,726,Research & Development,29,1,Life Sciences,1
1860,42,No,Travel_Rarely,1142,Research & Development,8,3,Life Sciences,1
1862,32,Yes,Travel_Rarely,414,Sales,2,4,Marketing,1
1863,46,No,Travel_Rarely,1319,Sales,3,3,Technical Degree,1
1864,27,No,Travel_Rarely,728,Sales,23,1,Medical,1
1865,29,No,Travel_Rarely,352,Human Resources,6,1,Medical,1
1866,43,No,Travel_Rarely,823,Research & Development,6,3,Medical,1
1867,48,No,Travel_Rarely,1224,Research & Development,10,3,Life Sciences,1
1868,29,Yes,Travel_Frequently,459,Research & Development,24,2,Life Sciences,1
1869,46,Yes,Travel_Rarely,1254,Sales,10,3,Life Sciences,1
1870,27,No,Travel_Frequently,1131,Research & Development,15,3,Life Sciences,1
1871,39,No,Travel_Rarely,835,Research & Development,19,4,Other,1
1873,55,No,Travel_Rarely,836,Research & Development,2,4,Technical Degree,1
1875,28,No,Travel_Rarely,1172,Sales,3,3,Medical,1
1876,30,Yes,Travel_Rarely,945,Sales,9,3,Medical,1
1878,22,Yes,Travel_Rarely,391,Research & Development,7,1,Life Sciences,1
1880,36,No,Travel_Rarely,1266,Sales,10,4,Technical Degree,1
1881,31,No,Travel_Rarely,311,Research & Development,20,3,Life Sciences,1
1882,34,No,Travel_Rarely,1480,Sales,4,3,Life Sciences,1
1883,29,No,Travel_Rarely,592,Research & Development,7,3,Life Sciences,1
1885,37,No,Travel_Rarely,783,Research & Development,7,4,Medical,1
1886,35,No,Travel_Rarely,219,Research & Development,16,2,Other,1
1888,45,No,Travel_Rarely,556,Research & Development,25,2,Life Sciences,1
1890,36,No,Travel_Frequently,1213,Human Resources,2,1,Human Resources,1
1892,40,No,Travel_Rarely,1137,Research & Development,1,4,Life Sciences,1
1893,26,No,Travel_Rarely,482,Research & Development,1,2,Life Sciences,1
1898,27,No,Travel_Rarely,511,Sales,2,2,Medical,1
1900,48,No,Travel_Frequently,117,Research & Development,22,3,Medical,1
1903,44,No,Travel_Rarely,170,Research & Development,1,4,Life Sciences,1
1905,34,Yes,Non-Travel,967,Research & Development,16,4,Technical Degree,1
1907,56,Yes,Travel_Rarely,1162,Research & Development,24,2,Life Sciences,1
1908,36,No,Travel_Rarely,335,Sales,17,2,Marketing,1
1909,41,No,Travel_Rarely,337,Sales,8,3,Marketing,1
1911,42,No,Travel_Rarely,1396,Research & Development,6,3,Medical,1
1912,31,No,Travel_Rarely,1079,Sales,10,2,Medical,1
1915,34,No,Travel_Rarely,735,Sales,3,1,Medical,1
1916,31,No,Travel_Rarely,471,Research & Development,4,3,Medical,1
1918,26,No,Travel_Frequently,1096,Research & Development,6,3,Other,1
1922,45,No,Travel_Frequently,1297,Research & Development,1,4,Medical,1
1924,33,No,Travel_Rarely,217,Sales,10,4,Marketing,1
1927,28,No,Travel_Frequently,783,Sales,1,2,Life Sciences,1
1928,29,Yes,Travel_Frequently,746,Sales,24,3,Technical Degree,1
1929,39,No,Non-Travel,1251,Sales,21,4,Life Sciences,1
1931,27,No,Travel_Rarely,1354,Research & Development,2,4,Technical Degree,1
1932,34,No,Travel_Frequently,735,Research & Development,22,4,Other,1
1933,28,Yes,Travel_Rarely,1475,Sales,13,2,Marketing,1
1934,47,No,Non-Travel,1169,Research & Development,14,4,Technical Degree,1
1935,56,No,Travel_Rarely,1443,Sales,11,5,Marketing,1
1936,39,No,Travel_Rarely,867,Research & Development,9,2,Medical,1
1937,38,No,Travel_Frequently,1394,Research & Development,8,3,Medical,1
1938,58,No,Travel_Rarely,605,Sales,21,3,Life Sciences,1
1939,32,Yes,Travel_Frequently,238,Research & Development,5,2,Life Sciences,1
1940,38,No,Travel_Rarely,1206,Research & Development,9,2,Life Sciences,1
1941,49,No,Travel_Frequently,1064,Research & Development,2,1,Life Sciences,1
1943,42,No,Travel_Rarely,419,Sales,12,4,Marketing,1
1944,27,Yes,Travel_Frequently,1337,Human Resources,22,3,Human Resources,1
1945,35,No,Travel_Rarely,682,Sales,18,4,Medical,1
1947,28,No,Non-Travel,1103,Research & Development,16,3,Medical,1
1948,31,No,Non-Travel,976,Research & Development,3,2,Medical,1
1949,36,No,Non-Travel,1351,Research & Development,9,4,Life Sciences,1
1950,34,No,Travel_Rarely,937,Sales,1,3,Marketing,1
1951,34,No,Travel_Rarely,1239,Sales,13,4,Medical,1
1952,26,No,Travel_Rarely,157,Research & Development,1,3,Medical,1
1954,29,No,Travel_Rarely,136,Research & Development,1,3,Life Sciences,1
1955,32,No,Non-Travel,1146,Research & Development,15,4,Medical,1
1956,31,No,Travel_Frequently,1125,Research & Development,1,3,Life Sciences,1
1960,28,Yes,Travel_Rarely,1404,Research & Development,17,3,Technical Degree,1
1961,38,No,Travel_Rarely,1404,Sales,1,3,Life Sciences,1
1962,35,No,Travel_Rarely,1224,Sales,7,4,Life Sciences,1
1965,27,No,Travel_Rarely,954,Sales,9,3,Marketing,1
1966,32,No,Travel_Rarely,1373,Research & Development,5,4,Life Sciences,1
1967,31,Yes,Travel_Frequently,754,Sales,26,4,Marketing,1
1968,53,Yes,Travel_Rarely,1168,Sales,24,4,Life Sciences,1
1969,54,No,Travel_Rarely,155,Research & Development,9,2,Life Sciences,1
1970,33,No,Travel_Frequently,1303,Research & Development,7,2,Life Sciences,1
1971,43,No,Travel_Rarely,574,Research & Development,11,3,Life Sciences,1
1972,38,No,Travel_Frequently,1444,Human Resources,1,4,Other,1
1973,55,No,Travel_Rarely,189,Human Resources,26,4,Human Resources,1
1974,31,No,Travel_Rarely,1276,Research & Development,2,1,Medical,1
1975,39,No,Travel_Rarely,119,Sales,15,4,Marketing,1
1976,42,No,Non-Travel,335,Research & Development,23,2,Life Sciences,1
1979,31,No,Non-Travel,697,Research & Development,10,3,Medical,1
1980,54,No,Travel_Rarely,157,Research & Development,10,3,Medical,1
1981,24,No,Travel_Rarely,771,Research & Development,1,2,Life Sciences,1
1982,23,No,Travel_Rarely,571,Research & Development,12,2,Other,1
1985,40,No,Travel_Frequently,692,Research & Development,11,3,Technical Degree,1
1986,40,No,Travel_Rarely,444,Sales,2,2,Marketing,1
1987,25,No,Travel_Rarely,309,Human Resources,2,3,Human Resources,1
1989,30,No,Travel_Rarely,911,Research & Development,1,2,Medical,1
1992,25,No,Travel_Rarely,977,Research & Development,2,1,Other,1
1993,47,No,Travel_Rarely,1180,Research & Development,25,3,Medical,1
1994,33,No,Non-Travel,1313,Research & Development,1,2,Medical,1
1995,38,No,Travel_Rarely,1321,Sales,1,4,Life Sciences,1
1996,31,No,Travel_Rarely,1154,Sales,2,2,Life Sciences,1
1997,38,No,Travel_Frequently,508,Research & Development,6,4,Life Sciences,1
1998,42,No,Travel_Rarely,557,Research & Development,18,4,Life Sciences,1
1999,41,No,Travel_Rarely,642,Research & Development,1,3,Life Sciences,1
2000,47,No,Non-Travel,1162,Research & Development,1,1,Medical,1
2003,35,No,Travel_Rarely,1490,Research & Development,11,4,Medical,1
2007,22,No,Travel_Rarely,581,Research & Development,1,2,Life Sciences,1
2008,35,No,Travel_Rarely,1395,Research & Development,9,4,Medical,1
2009,33,No,Travel_Rarely,501,Research & Development,15,2,Medical,1
2010,32,No,Travel_Rarely,267,Research & Development,29,4,Life Sciences,1
2012,40,No,Travel_Rarely,543,Research & Development,1,4,Life Sciences,1
2013,32,No,Travel_Rarely,234,Sales,1,4,Medical,1
2014,39,No,Travel_Rarely,116,Research & Development,24,1,Life Sciences,1
2015,38,No,Travel_Rarely,201,Research & Development,10,3,Medical,1
2016,32,No,Travel_Rarely,801,Sales,1,4,Marketing,1
2017,37,No,Travel_Rarely,161,Research & Development,10,3,Life Sciences,1
2018,25,No,Travel_Rarely,1382,Sales,8,2,Other,1
2019,52,No,Non-Travel,585,Sales,29,4,Life Sciences,1
2020,44,No,Travel_Rarely,1037,Research & Development,1,3,Medical,1
2021,21,No,Travel_Rarely,501,Sales,5,1,Medical,1
2022,39,No,Non-Travel,105,Research & Development,9,3,Life Sciences,1
2023,23,Yes,Travel_Frequently,638,Sales,9,3,Marketing,1
2024,36,No,Travel_Rarely,557,Sales,3,3,Medical,1
2025,36,No,Travel_Frequently,688,Research & Development,4,2,Life Sciences,1
2026,56,No,Non-Travel,667,Research & Development,1,4,Life Sciences,1
2027,29,Yes,Travel_Rarely,1092,Research & Development,1,4,Medical,1
2031,42,No,Travel_Rarely,300,Research & Development,2,3,Life Sciences,1
2032,56,Yes,Travel_Rarely,310,Research & Development,7,2,Technical Degree,1
2034,41,No,Travel_Rarely,582,Research & Development,28,4,Life Sciences,1
2035,34,No,Travel_Rarely,704,Sales,28,3,Marketing,1
2036,36,No,Non-Travel,301,Sales,15,4,Marketing,1
2037,41,No,Travel_Rarely,930,Sales,3,3,Life Sciences,1
2038,32,No,Travel_Rarely,529,Research & Development,2,3,Technical Degree,1
2040,35,No,Travel_Rarely,1146,Human Resources,26,4,Life Sciences,1
2041,38,No,Travel_Rarely,345,Sales,10,2,Life Sciences,1
2044,50,Yes,Travel_Frequently,878,Sales,1,4,Life Sciences,1
2045,36,No,Travel_Rarely,1120,Sales,11,4,Marketing,1
2046,45,No,Travel_Rarely,374,Sales,20,3,Life Sciences,1
2048,40,No,Travel_Rarely,1322,Research & Development,2,4,Life Sciences,1
2049,35,No,Travel_Frequently,1199,Research & Development,18,4,Life Sciences,1
2051,40,No,Travel_Rarely,1194,Research & Development,2,4,Medical,1
2052,35,No,Travel_Rarely,287,Research & Development,1,4,Life Sciences,1
2053,29,No,Travel_Rarely,1378,Research & Development,13,2,Other,1
2054,29,No,Travel_Rarely,468,Research & Development,28,4,Medical,1
2055,50,Yes,Travel_Rarely,410,Sales,28,3,Marketing,1
2056,39,No,Travel_Rarely,722,Sales,24,1,Marketing,1
2057,31,No,Non-Travel,325,Research & Development,5,3,Medical,1
2060,26,No,Travel_Rarely,1167,Sales,5,3,Other,1
2061,36,No,Travel_Frequently,884,Research & Development,23,2,Medical,1
2062,39,No,Travel_Rarely,613,Research & Development,6,1,Medical,1
2064,27,No,Travel_Rarely,155,Research & Development,4,3,Life Sciences,1
2065,49,No,Travel_Frequently,1023,Sales,2,3,Medical,1
2068,34,No,Travel_Rarely,628,Research & Development,8,3,Medical,1
